date,open,high,low,close,volume,is_anomaly
2020-01-01,40767.93,41544.05,40735.08,41400.0,238026030,False
2020-01-02,41583.59,42543.73,41400.0,42480.76,282934020,False
2020-01-03,42580.27,42835.08,42077.45,42323.3,227977440,False
2020-01-06,41900.35,42323.3,41207.16,41296.24,200004520,False
2020-01-07,41445.96,41967.94,41296.24,41904.47,142511070,False
2020-01-08,41493.63,41939.47,41173.95,41357.56,209275800,False
2020-01-09,41993.99,42556.01,41357.56,42523.07,249492720,False
2020-01-10,42650.1,43241.78,42523.07,43207.05,303565340,False
2020-01-13,43289.94,43453.34,43037.72,43218.67,199065340,False
2020-01-14,43272.46,43468.22,43095.41,43207.04,151127510,False
2020-01-15,43212.59,43239.88,42877.9,42993.03,119954170,False
2020-01-16,43015.81,43205.26,42805.73,43065.1,152132040,False
2020-01-17,43093.16,43246.61,43017.5,43167.77,125329980,False
2020-01-20,43245.13,43302.61,42632.58,42747.63,116370000,False
2020-01-21,42816.68,42965.41,42338.79,42626.48,122505240,False
2020-01-22,42501.55,42675.42,42143.9,42561.27,118312090,False
2020-01-23,42646.2,42906.14,42439.68,42506.95,160425840,False
2020-01-24,42472.94,42707.43,42250.56,42633.03,113682470,False
2020-01-27,42676.83,42738.56,42472.16,42539.23,126383460,False
2020-01-28,42504.69,42539.23,42153.29,42299.19,137155060,False
2020-01-29,42306.65,42429.49,41790.81,41898.7,127109630,False
2020-01-30,41888.79,41982.7,41548.04,41903.51,108392180,False
2020-01-31,41976.47,42137.4,41558.74,41630.94,140338800,False
2020-02-03,41376.72,41630.93,40233.64,40409.38,150112310,False
2020-02-04,40474.63,40953.29,40349.0,40884.25,106365790,False
2020-02-06,41028.85,41162.91,40684.18,40724.41,92535640,False
2020-02-07,40869.49,40869.49,40046.48,40143.63,157229160,False
2020-02-10,40150.34,40150.34,39196.19,39296.7,129840550,False
2020-02-11,39408.62,39985.96,39084.86,39714.46,115956000,False
2020-02-12,39855.3,40637.79,39714.46,40531.13,126563500,False
2020-02-13,40629.0,40787.09,40323.42,40455.44,139375690,False
2020-02-14,40594.24,40603.16,40094.29,40243.26,85810470,False
2020-02-17,40251.26,40521.69,40047.93,40276.93,77581340,False
2020-02-18,40325.75,40600.8,40065.86,40175.35,70397950,False
2020-02-19,40221.82,40644.06,40175.35,40574.52,109559610,False
2020-02-20,40660.52,40697.05,40445.78,40481.65,83552650,False
2020-02-21,40496.11,40527.08,40171.1,40249.22,58477890,False
2020-02-24,40238.25,40249.22,39079.78,39143.73,103982690,False
2020-02-25,39039.03,39247.75,38693.02,38858.45,94475420,False
2020-02-26,38964.79,38976.83,38074.16,38338.33,118393150,False
2020-02-27,37985.57,38338.33,36918.22,38087.32,186769190,False
2020-02-28,37925.95,38307.07,37758.57,37983.62,163202840,False
2020-03-02,38077.3,39362.29,37983.62,39296.3,157899410,False
2020-03-03,39514.24,39866.46,39057.53,39199.68,175615840,False
2020-03-04,39218.73,39262.55,38762.44,38906.4,148118290,False
2020-03-05,38992.89,39742.5,38906.4,39382.11,241813700,False
2020-03-06,39193.74,39382.11,38122.96,38219.67,198565890,False
2020-03-09,37091.15,38219.67,35917.34,37058.95,251655490,False
2020-03-10,36913.69,37734.75,36913.69,37695.75,225939560,False
2020-03-11,37817.05,38333.09,37523.19,37673.25,173818690,False
2020-03-12,37160.88,37673.25,35895.77,35956.69,188314510,False
2020-03-13,35343.45,36212.38,34266.91,36060.88,237685830,False
2020-03-16,35758.94,36060.88,33618.9,33684.91,170250710,False
2020-03-17,33365.99,33893.84,32416.41,32616.93,196592750,False
2020-03-18,32206.47,32616.93,30378.68,30416.05,133602570,False
2020-03-19,28853.62,30515.62,28452.44,30129.83,238267900,False
2020-03-20,30846.1,30928.05,29903.81,30667.41,203904750,False
2020-03-24,28842.32,30667.41,28510.45,28564.83,80184457,False
2020-03-25,28665.85,28787.6,27169.14,27228.8,123672074,False
2020-03-26,27323.94,28191.33,27046.71,27267.2,157443730,False
2020-03-27,27247.44,28273.09,27156.53,28109.57,141970621,False
2020-03-30,27982.46,28114.1,27467.35,28023.39,127645166,False
2020-03-31,28085.25,29334.55,28023.39,29231.63,186153772,False
2020-04-01,29253.49,29691.23,28902.08,29505.57,157081939,False
2020-04-02,29573.58,30842.0,29460.38,30782.66,226570065,False
2020-04-03,30787.67,31817.1,30782.67,31621.79,186499663,False
2020-04-06,31915.41,31915.41,30503.27,30579.15,181224838,False
2020-04-07,30653.71,31303.13,30579.15,31231.55,142653136,False
2020-04-08,31205.63,31239.44,30775.45,30971.27,153088900,False
2020-04-09,31248.63,32009.12,30971.27,31837.3,172682662,False
2020-04-10,31728.18,32086.1,31377.1,32033.2,103093737,False
2020-04-13,31953.34,32033.21,30928.16,31032.99,126266592,False
2020-04-14,30979.68,31395.75,30941.07,31222.74,105596411,False
2020-04-15,31388.3,31795.18,31181.76,31242.19,145428820,False
2020-04-16,31259.86,31447.22,31016.41,31329.46,95249563,False
2020-04-17,32417.06,33257.15,31329.46,32831.83,201425179,False
2020-04-20,33857.54,33857.54,32831.83,33499.65,283146620,False
2020-04-21,33021.52,33499.65,32300.73,32422.83,266220142,False
2020-04-22,32170.28,32640.17,31893.57,32464.23,177642657,False
2020-04-23,32832.54,32938.29,32448.53,32850.83,161120802,False
2020-04-24,32978.41,33069.17,32739.84,32806.38,98708302,False
2020-04-27,32608.85,32806.38,32131.08,32314.57,94386455,False
2020-04-28,32284.78,32635.91,32284.78,32553.39,124866362,False
2020-04-29,32763.98,33158.84,32553.39,33158.84,110974444,False
2020-04-30,33493.09,34178.57,33158.84,34111.64,235682452,False
2020-05-04,34020.51,34163.92,33709.34,33916.64,166205156,False
2020-05-05,34253.44,34385.76,33857.83,33992.75,197369137,False
2020-05-06,34107.05,34119.51,33675.49,33728.18,150581190,False
2020-05-07,33636.43,33811.36,33238.88,33304.16,128609326,False
2020-05-08,33420.09,33501.3,33159.05,33267.69,62919264,False
2020-05-11,33304.66,33316.06,33126.15,33283.79,87689981,False
2020-05-12,33412.17,33628.37,33283.79,33603.02,149317224,False
2020-05-13,33728.04,33802.87,33603.02,33693.04,143219907,False
2020-05-14,33897.18,33996.92,33686.99,33804.9,128014330,False
2020-05-15,33893.41,34041.44,33804.9,34008.33,122259585,False
2020-05-18,34365.84,34393.12,33770.68,33804.97,144648201,False
2020-05-19,33929.01,34350.78,33804.97,34158.55,168825400,False
2020-05-20,34216.54,34224.15,33786.96,33932.81,107166968,False
2020-05-21,34009.54,34049.0,33757.37,33836.61,96344614,False
2020-05-28,33822.27,33836.61,33598.4,33695.42,146539351,False
2020-05-29,33766.76,34048.56,33695.42,33931.23,166428690,False
2020-06-01,34047.98,34062.14,33820.09,34021.97,124136907,False
2020-06-02,34078.53,34525.27,34021.97,34408.05,159966513,False
2020-06-03,34582.26,34657.73,34354.87,34401.42,95386199,False
2020-06-04,34390.44,34410.05,34090.13,34119.39,104188508,False
2020-06-05,34129.74,34367.74,34081.76,34350.42,53698321,False
2020-06-08,34582.82,34769.44,34350.42,34749.57,144060791,False
2020-06-09,34768.53,34855.39,34688.12,34803.6,145550433,False
2020-06-10,34823.15,35111.54,34803.6,35065.08,139852556,False
2020-06-11,35113.77,35253.5,34995.42,35128.58,145261603,False
2020-06-12,34818.83,35128.58,34503.94,34611.23,115183852,False
2020-06-15,34547.0,34611.23,33814.86,33824.51,164516745,False
2020-06-16,33890.22,34138.3,33824.51,34019.12,101554691,False
2020-06-17,34073.69,34396.38,33775.76,33848.68,144164416,False
2020-06-18,33842.3,33919.82,33471.45,33539.85,115438808,False
2020-06-19,33594.58,33699.92,33369.91,33438.94,59897160,False
2020-06-22,33479.82,33794.87,33071.36,33737.92,102134436,False
2020-06-23,33807.35,34072.97,33737.92,34052.61,90073000,False
2020-06-24,34068.3,34160.87,33937.63,34034.65,95677126,False
2020-06-25,33943.82,34034.65,33657.78,33709.63,82211057,False
2020-06-26,34028.77,34028.77,33709.63,33939.49,122491395,False
2020-06-29,34007.68,34207.0,33719.51,34181.8,98067622,False
2020-06-30,34221.7,34424.61,34146.05,34421.92,124361318,False
2020-07-01,34441.69,34924.29,34409.87,34889.41,196705840,False
2020-07-02,34965.89,35177.39,34889.41,34978.18,232239272,False
2020-07-03,35014.43,35105.16,34918.52,35051.38,108991188,False
2020-07-06,35122.61,35238.81,35002.11,35202.77,229097601,False
2020-07-07,35253.65,35472.68,35202.77,35373.35,241068050,False
2020-07-08,35445.5,35703.22,35373.35,35694.89,205986733,False
2020-07-09,35836.62,36190.7,35694.89,36142.17,333335470,False
2020-07-10,36105.82,36279.56,36003.18,36190.4,189986463,False
2020-07-13,36348.43,36722.13,36190.4,36618.57,324378706,False
2020-07-14,36669.79,36936.03,36534.7,36745.22,323235102,False
2020-07-15,36851.23,36891.98,36638.07,36679.03,227614034,False
2020-07-16,36778.83,37029.25,36679.03,37001.44,237078415,False
2020-07-17,37077.27,37354.15,37001.44,37330.85,302936324,False
2020-07-20,37488.7,37741.15,37330.85,37650.57,328098205,False
2020-07-21,37748.7,37938.87,37368.52,37700.31,277055680,False
2020-07-22,37778.09,37986.37,37552.07,37804.61,257454645,False
2020-07-23,37953.76,38106.95,37540.7,37578.21,246104145,False
2020-07-24,37561.87,37863.3,37259.17,37607.62,189845141,False
2020-07-27,37659.64,38291.77,37607.62,38221.16,183913641,False
2020-07-28,38378.87,38700.96,38221.16,38627.27,241928426,False
2020-07-29,38780.92,39124.33,38627.27,38836.27,368739991,False
2020-07-30,38933.04,39270.46,38781.18,39258.44,261485681,False
2020-08-03,39375.57,39928.92,39258.44,39871.61,339270178,False
2020-08-04,39958.51,40330.71,39528.86,39577.62,377254974,False
2020-08-05,39650.24,39940.22,39425.57,39882.78,296172371,False
2020-08-06,40103.99,40422.83,39882.78,40166.12,335060831,False
2020-08-07,40254.82,40465.95,39971.11,40029.69,368853617,False
2020-08-10,40122.72,40195.22,39828.91,39914.76,289979667,False
2020-08-11,40049.29,40706.08,39914.76,40559.15,401597409,False
2020-08-12,40838.17,41118.6,40390.39,40473.18,396232561,False
2020-08-13,40543.25,40564.18,39898.22,40290.74,342132781,False
2020-08-17,40294.02,40405.41,39939.69,40122.5,346724399,False
2020-08-18,40346.55,40434.6,40113.29,40184.01,295893151,False
2020-08-19,40237.68,40424.92,40065.51,40154.11,248937661,False
2020-08-20,40183.26,40249.51,39781.39,39868.55,242938840,False
2020-08-21,39840.12,39868.55,39240.07,39621.59,207408946,False
2020-08-24,39637.95,39824.56,39473.11,39802.6,172644481,False
2020-08-25,39962.67,40340.79,39802.6,40292.82,273138373,False
2020-08-26,40390.95,40894.53,40292.82,40862.59,273510857,False
2020-08-27,40977.11,41276.54,40862.59,41081.94,312304180,False
2020-08-28,41078.26,41164.83,40994.04,41056.22,109415719,False
2020-08-31,41153.02,41311.06,41016.56,41110.93,212356572,False
2020-09-01,41164.79,41401.89,41096.58,41377.26,371739815,False
2020-09-02,41519.76,41932.85,41377.26,41834.85,526722976,False
2020-09-03,41993.55,42212.93,41834.85,42188.11,540763746,False
2020-09-04,42134.53,42291.92,41923.68,42023.0,417307941,False
2020-09-07,42142.69,42400.25,42023.0,42295.75,388893229,False
2020-09-08,42346.75,42528.49,41912.6,41985.19,514878894,False
2020-09-09,41885.12,42196.17,41610.73,42022.25,399119287,False
2020-09-10,42224.76,42896.36,42022.25,42647.35,498611619,False
2020-09-11,42745.81,42869.69,42457.53,42530.67,309721854,False
2020-09-14,42631.77,42720.98,42367.81,42531.31,289623250,False
2020-09-15,42594.98,42831.01,42263.22,42346.42,411064768,False
2020-09-16,42442.15,42544.87,42091.97,42282.28,300270901,False
2020-09-17,42475.17,42632.41,42276.59,42334.76,324373187,False
2020-09-18,42371.36,42554.84,42234.59,42504.76,331721308,False
2020-09-21,42524.17,42551.15,42121.32,42174.13,231106009,False
2020-09-22,42115.94,42174.14,41672.45,41828.91,249981533,False
2020-09-23,41869.18,42023.06,41755.69,41876.26,251509954,False
2020-09-24,41900.33,41942.35,41416.9,41806.37,272439781,False
2020-09-25,41805.23,42100.73,41601.94,41701.23,314270954,False
2020-09-28,41723.82,41785.07,40644.82,40740.95,282068039,False
2020-09-29,40694.84,41445.47,40389.8,41204.36,243683541,False
2020-09-30,41285.16,41438.33,40494.9,40571.48,336699094,False
2020-10-01,40521.93,40735.84,40113.95,40676.92,268423355,False
2020-10-02,40655.87,40838.92,39905.66,40070.83,255943110,False
2020-10-05,40029.11,40070.83,38865.1,39072.47,277944438,False
2020-10-06,39134.03,39349.29,38568.95,39127.48,274463845,False
2020-10-07,39233.86,39920.13,39127.48,39849.96,270114188,False
2020-10-08,39953.82,40412.06,39849.96,40353.62,355090222,False
2020-10-09,40370.82,40830.22,40307.64,40798.43,240643496,False
2020-10-12,40822.71,41047.46,40149.78,40209.82,217242102,False
2020-10-13,40202.75,40301.36,39645.73,40006.67,195242747,False
2020-10-14,40062.98,40183.87,39845.77,40144.29,156592822,False
2020-10-15,40233.28,40533.67,40006.46,40068.49,211930940,False
2020-10-16,40097.74,40220.73,39742.25,40164.02,155497935,False
2020-10-19,40168.44,40491.13,40077.9,40340.17,182423521,False
2020-10-20,40389.77,41056.95,40340.17,40956.58,323057725,False
2020-10-21,41054.94,41613.05,40956.58,41535.92,398482820,False
2020-10-22,41587.61,41818.24,41088.38,41199.02,348078249,False
2020-10-23,41302.31,41383.38,41064.38,41266.0,220410918,False
2020-10-26,41370.02,41876.79,41266.0,41850.47,285908457,False
2020-10-27,41879.37,41922.19,41327.72,41381.83,305460502,False
2020-10-28,41386.29,41687.33,41069.68,41186.86,258480059,False
2020-10-29,41032.65,41186.86,39275.43,39888.0,374814823,False
2020-11-02,39860.78,39888.0,38778.68,39112.18,205637393,False
2020-11-03,39345.75,40499.64,39112.18,40480.88,229345656,False
2020-11-04,40555.29,40914.59,40223.45,40281.96,234053645,False
2020-11-05,40461.14,41084.9,40281.96,41071.3,193380341,False
2020-11-06,41144.09,41147.05,40679.61,40731.61,185324168,False
2020-11-09,40832.61,40943.8,40596.99,40784.04,148292195,False
2020-11-10,41479.32,41597.33,40784.04,41153.05,211603556,False
2020-11-11,41216.09,41330.49,40900.03,41197.32,129685163,False
2020-11-12,41178.68,41197.32,40492.75,40564.55,167110782,False
2020-11-13,40501.66,40689.6,40262.22,40569.35,120410473,False
2020-11-16,40574.72,40790.39,40470.12,40504.75,115795848,False
2020-11-17,40614.89,40964.22,40504.75,40652.67,79693023,False
2020-11-18,40642.4,40658.15,40344.62,40514.67,78589339,False
2020-11-19,40527.52,40745.02,40431.41,40540.7,110821404,False
2020-11-20,40525.35,40598.24,40126.8,40187.18,125377472,False
2020-11-23,40143.57,40187.18,39314.28,39632.52,117940950,False
2020-11-24,39789.58,40021.33,39631.07,39863.36,105951913,False
2020-11-25,40054.41,40431.56,39863.36,40377.53,142905342,False
2020-11-26,40655.3,41127.49,40377.54,41031.03,248715663,False
2020-11-27,40976.64,41066.52,40753.3,40807.09,247890232,False
2020-11-30,40782.7,41115.1,40669.85,41068.82,184486424,False
2020-12-01,41092.19,41724.04,41068.82,41665.27,299837417,False
2020-12-02,41676.55,42074.11,41665.27,42027.38,280957162,False
2020-12-03,42165.56,42412.51,42009.3,42047.72,240184394,False
2020-12-04,42146.27,42316.52,42047.72,42207.0,237168610,False
2020-12-07,42247.57,42321.37,42047.0,42115.31,191147941,False
2020-12-08,42119.39,42233.96,41948.35,42101.78,194702194,False
2020-12-09,42085.77,42350.23,42030.61,42204.03,244324577,False
2020-12-10,42243.45,42441.31,42119.63,42305.84,308315660,False
2020-12-11,42477.74,42628.01,42305.84,42470.39,302793694,False
2020-12-14,42556.83,43316.11,42470.4,43266.22,337635686,False
2020-12-15,43375.73,43709.71,43126.48,43250.84,405410875,False
2020-12-16,43351.72,43556.06,43183.77,43360.19,252474699,False
2020-12-17,43503.2,43793.22,43360.19,43766.69,286340005,False
2020-12-18,43866.42,43955.56,43638.33,43740.55,247708731,False
2020-12-21,43730.34,43790.72,43295.64,43333.76,243629732,False
2020-12-22,43310.38,43478.97,42757.49,42906.94,201169723,False
2020-12-23,42900.29,43216.16,42852.79,43087.7,164651666,False
2020-12-24,43277.88,43631.36,43087.7,43416.77,322753923,False
2020-12-28,43564.2,43760.67,43416.77,43674.28,241173221,False
2020-12-29,43687.14,43912.1,43203.68,43282.27,297891645,False
2020-12-30,43323.15,43750.25,43282.27,43694.76,227301619,False
2020-12-31,43814.47,43890.14,43665.93,43755.38,320622978,False
2021-01-01,43821.11,44874.86,43755.38,44434.8,386326077,False
2021-01-04,45035.31,45074.37,44434.8,44686.46,335131019,False
2021-01-05,44616.92,44830.28,44458.71,44650.43,282286985,False
2021-01-06,44864.71,45194.63,44650.43,45153.42,373173822,False
2021-01-07,45315.8,45619.8,45153.42,45344.54,394721233,False
2021-01-08,45418.97,45916.33,45344.54,45654.34,457583141,False
2021-01-11,45962.94,46109.36,45529.48,45605.42,264622365,False
2021-01-12,45688.44,46013.36,45605.42,45922.04,506698986,False
2021-01-13,46185.65,46314.15,45922.04,46091.96,466266888,False
2021-01-14,46208.32,46272.58,45852.83,45989.35,286401278,False
2021-01-15,46036.24,46177.38,45875.21,45931.0,221928753,False
2021-01-18,45947.26,46047.56,45714.17,45726.68,285141893,False
2021-01-19,45747.5,45978.14,45596.81,45903.23,224057124,False
2021-01-20,45862.7,45903.23,45545.43,45676.94,219022358,False
2021-01-21,45684.09,46143.53,45676.94,45984.46,333345007,False
2021-01-22,45993.23,46116.85,45690.5,45868.04,236248570,False
2021-01-25,46014.61,46189.02,45868.04,46087.64,258299827,False
2021-01-26,46187.52,46398.01,46087.64,46287.38,341573515,False
2021-01-27,46359.73,46698.33,46287.38,46458.13,373945436,False
2021-01-28,46459.13,46645.17,46110.92,46166.05,296475223,False
2021-01-29,46260.09,46656.98,46166.05,46385.54,484691738,False
2021-02-01,46611.6,46762.64,46188.25,46248.45,375686085,False
2021-02-02,46411.54,46642.72,46248.45,46580.34,266310676,False
2021-02-03,46743.14,47123.82,46580.34,46933.63,324703577,False
2021-02-04,47260.53,47339.21,46746.58,46905.79,238322754,False
2021-02-08,47013.02,47074.16,46659.24,46721.87,189859902,False
2021-02-09,46888.41,46990.92,46628.97,46674.77,278819109,False
2021-02-10,46667.86,46845.44,46341.76,46644.29,314398230,False
2021-02-11,46715.44,46935.32,45960.44,46055.52,366026585,False
2021-02-12,46053.29,46358.08,45731.88,45808.36,199656469,False
2021-02-15,46091.72,46507.42,45808.36,46375.59,249081852,False
2021-02-16,46506.19,46884.53,46375.59,46867.95,224787946,False
2021-02-17,47118.64,47305.86,46726.85,46768.14,223532677,False
2021-02-18,46817.51,46817.51,46120.61,46142.74,207943586,False
2021-02-19,46137.2,46378.35,46137.2,46227.65,312314392,False
2021-02-22,46345.56,46402.73,45763.05,45890.04,292157028,False
2021-02-23,46036.21,46083.66,45663.03,45728.75,256327171,False
2021-02-24,45782.97,45887.77,45205.48,45362.58,280817029,False
2021-02-25,45628.92,46004.68,45362.58,45965.62,202337030,False
2021-02-26,45977.12,46239.89,45753.07,45865.02,233081167,False
2021-03-01,45887.24,46009.38,45092.8,45593.43,176290634,False
2021-03-02,45634.79,46077.92,45535.87,45964.27,203648466,False
2021-03-03,46039.57,46189.25,45923.57,46160.78,198943781,False
2021-03-04,45165.99,46160.78,45087.63,45278.53,215942457,False
2021-03-05,45389.11,45946.69,45168.21,45837.35,168080239,False
2021-03-08,46383.19,46432.39,44849.07,45051.05,235649640,False
2021-03-09,45013.52,45129.55,43946.3,44222.91,231666016,False
2021-03-10,44274.28,44424.04,43620.84,43691.68,188317275,False
2021-03-11,43673.78,43891.0,42688.2,42779.76,196928637,False
2021-03-12,42864.54,43986.18,42779.76,43788.08,169799260,False
2021-03-15,44288.74,44839.19,43788.08,44766.59,239611699,False
2021-03-16,44906.5,44910.93,44545.43,44857.06,168579970,False
2021-03-17,45165.59,45540.63,44857.06,45450.31,263125791,False
2021-03-18,45519.52,45612.95,44641.49,44724.09,299928331,False
2021-03-19,44671.01,45172.33,44393.28,44901.31,289180849,False
2021-03-22,44912.93,45465.13,44735.59,45407.33,277361580,False
2021-03-24,45436.21,45593.61,45258.99,45544.19,272534268,False
2021-03-25,45688.64,46000.11,45544.2,45726.16,292487850,False
2021-03-26,45695.1,45757.56,45436.91,45521.63,321407499,False
2021-03-29,45466.72,45521.63,44315.43,44431.8,316168616,False
2021-03-30,44404.69,44808.63,44199.26,44491.03,175401199,False
2021-03-31,44777.12,45133.25,44477.9,44587.85,253227412,False
2021-04-01,44705.43,44877.46,44334.22,44428.1,188643901,False
2021-04-02,44568.9,44609.28,44197.9,44300.95,140758262,False
2021-04-05,44390.92,44431.24,43471.19,43548.21,139198336,False
2021-04-06,43580.36,44478.24,43548.21,44404.7,157971446,False
2021-04-07,44468.75,44571.91,43758.05,43953.58,195146264,False
2021-04-08,44159.74,44759.37,43953.58,44741.36,186036071,False
2021-04-09,44883.51,45249.61,44741.36,45186.48,293005438,False
2021-04-12,45221.17,45267.43,44758.34,44978.05,173419005,False
2021-04-13,44952.02,45133.41,44780.06,45048.57,183852391,False
2021-04-14,45075.22,45347.4,45048.57,45311.22,135875281,False
2021-04-15,45389.97,45447.49,45174.89,45230.18,85559305,False
2021-04-16,45289.61,45471.35,45230.18,45305.63,55283679,False
2021-04-19,45128.52,45305.63,44611.83,44913.57,131249513,False
2021-04-20,45214.19,45558.13,44913.57,45399.78,128388089,False
2021-04-21,45526.83,45626.88,45226.18,45306.54,171317725,False
2021-04-22,45360.42,45496.82,44882.75,44929.61,139538852,False
2021-04-23,44864.97,44929.61,44363.4,44706.76,96999702,False
2021-04-26,44614.22,45952.45,44389.68,45682.77,204065636,False
2021-04-27,45758.96,45937.68,45169.8,45292.87,172204555,False
2021-04-28,45346.27,45588.94,45020.83,45059.12,140915480,False
2021-04-29,45121.59,45143.34,44781.3,44863.11,138959463,False
2021-04-30,44958.72,45056.9,44151.69,44262.35,153942599,False
2021-05-03,44239.54,44326.01,43630.07,44076.2,125276315,False
2021-05-04,44115.32,44620.41,44076.2,44563.59,108320905,False
2021-05-05,44952.49,45173.61,44563.59,44943.61,129445703,False
2021-05-06,45106.97,45245.37,44889.59,45174.67,78642212,False
2021-05-17,45521.77,45806.98,45174.67,45796.31,201903651,False
2021-05-18,45841.1,46033.92,45618.78,45981.82,216311577,False
2021-05-19,45925.17,45981.82,45612.88,45682.11,297556614,False
2021-05-20,45713.46,45831.12,45518.74,45574.07,376148630,False
2021-05-21,45563.8,45948.11,45560.13,45914.98,294853032,False
2021-05-24,46082.59,46314.83,45914.98,46097.11,191697769,False
2021-05-25,46151.1,46369.19,46048.84,46300.66,224827398,False
2021-05-26,46429.42,46856.27,46300.66,46812.31,306272522,False
2021-05-27,46976.64,47204.13,46675.69,46790.75,512472483,False
2021-05-28,46804.64,47246.5,46698.23,47126.29,223696244,False
2021-05-31,47345.91,47979.68,47126.29,47896.34,409980135,False
2021-06-01,48050.85,48237.61,47896.34,48191.26,456371011,False
2021-06-02,48272.67,48286.46,47960.46,48126.9,361191723,False
2021-06-03,48254.5,48434.4,48010.32,48093.53,253507625,False
2021-06-04,48139.47,48426.53,48093.53,48211.7,317434552,False
2021-06-07,48511.54,48632.95,48211.7,48302.66,320037887,False
2021-06-08,48340.93,48409.88,48000.26,48147.98,265113800,False
2021-06-09,48211.99,48311.92,47725.94,47777.62,296727403,False
2021-06-10,47830.73,48287.52,47777.62,48251.49,296571812,False
2021-06-11,48372.96,48531.4,48245.4,48304.72,373933118,False
2021-06-14,48966.81,48981.82,48304.72,48726.08,507488762,False
2021-06-15,48781.44,48841.47,48511.58,48632.56,699381522,False
2021-06-16,48761.81,48878.2,48431.96,48480.9,409175859,False
2021-06-17,48444.46,48544.65,48115.84,48157.63,290742124,False
2021-06-18,48174.09,48411.87,48022.72,48238.67,304366997,False
2021-06-21,48289.47,48370.42,47963.97,48012.52,227403647,False
2021-06-22,48030.28,48154.56,47931.78,47987.14,209250013,False
2021-06-23,48045.72,48134.94,47873.14,47900.7,237206903,False
2021-06-24,47956.57,48118.23,47897.39,47962.54,150163934,False
2021-06-25,47968.38,48040.1,47476.38,47603.36,262501097,False
2021-06-28,47589.25,47665.84,46902.38,47002.35,223946845,False
2021-06-29,46986.47,47508.77,46986.47,47137.77,205459425,False
2021-06-30,47219.47,47460.31,47137.77,47356.02,152999118,False
2021-07-01,47542.78,47843.34,47356.02,47800.57,139993682,False
2021-07-02,47864.27,48079.85,47637.76,47686.18,170918051,False
2021-07-05,47717.2,47739.5,47375.13,47429.12,201863020,False
2021-07-06,47482.73,47665.41,47242.52,47346.16,213106406,False
2021-07-07,47342.19,47375.36,47034.95,47247.92,158292162,False
2021-07-08,47344.58,48053.17,47247.92,48053.17,187887582,False
2021-07-09,48045.25,48053.17,47544.08,47563.45,124661402,False
2021-07-12,47585.07,47715.28,47407.85,47447.08,107164599,False
2021-07-13,47449.46,47586.07,47439.89,47480.49,102458788,False
2021-07-14,47512.88,47594.66,47442.19,47491.47,162998975,False
2021-07-15,47498.61,47737.38,47388.42,47628.26,191691580,False
2021-07-16,47627.61,47889.7,47627.61,47834.33,109205226,False
2021-07-19,47977.43,48006.44,47751.38,47873.26,108549437,False
2021-07-23,47889.86,47946.45,47686.5,47793.07,122865664,False
2021-07-26,47823.02,47930.54,47606.89,47672.68,91315872,False
2021-07-27,47717.72,47910.12,47616.73,47686.99,162297006,False
2021-07-28,47784.58,47874.69,47241.55,47318.03,128927617,False
2021-07-29,47339.85,47353.91,46955.1,47312.33,156475235,False
2021-07-30,47348.47,47642.79,46925.16,47055.29,156531487,False
2021-08-02,47061.09,47508.74,47047.14,47453.25,89313070,False
2021-08-03,47509.56,47808.63,47453.25,47758.32,143341857,False
2021-08-04,47828.4,47980.12,47709.38,47789.88,165225226,False
2021-08-05,47807.09,47896.39,47582.77,47640.88,207127795,False
2021-08-06,47658.92,47752.77,47425.03,47489.95,137087074,False
2021-08-09,47534.53,47625.42,47053.64,47123.62,107174904,False
2021-08-10,47116.81,47272.88,46928.16,47135.48,128467360,False
2021-08-11,47313.54,47627.59,47135.48,47377.38,138307014,False
2021-08-12,47415.24,47555.99,47175.0,47270.76,93989645,False
2021-08-13,47320.31,47320.31,47123.38,47169.84,56393997,False
2021-08-16,47134.71,47173.03,46672.19,46912.79,88224626,False
2021-08-17,46947.65,47274.52,46912.79,47258.45,81902829,False
2021-08-20,47360.67,47644.34,47258.45,47599.82,119839311,False
2021-08-23,47698.85,48144.89,47599.82,48112.21,147539228,False
2021-08-24,48100.6,48114.95,47739.53,47828.71,129476119,False
2021-08-25,47860.52,47916.76,47617.93,47635.9,128944862,False
2021-08-26,47642.36,47759.5,47262.11,47363.27,124954605,False
2021-08-27,47392.24,47392.24,46869.1,47136.53,181761567,False
2021-08-30,47147.94,47468.14,47136.53,47365.7,147181132,False
2021-08-31,47376.28,47596.04,47349.49,47419.74,128812516,False
2021-09-01,47488.28,47628.59,47355.14,47413.46,111881575,False
2021-09-02,47481.4,47489.4,46874.64,46903.06,168360689,False
2021-09-03,46973.8,47113.42,46879.28,46957.47,113755957,False
2021-09-06,46987.79,47087.3,46888.95,46918.52,94853488,False
2021-09-07,46924.61,46994.84,46617.98,46729.96,126001060,False
2021-09-08,46756.41,46875.49,46309.86,46396.71,143551584,False
2021-09-09,46465.44,46665.48,46396.71,46625.12,90614592,False
2021-09-10,46710.28,47226.11,46625.12,47198.29,174654881,False
2021-09-13,47265.43,47369.98,47168.75,47270.46,130018036,False
2021-09-14,47332.83,47387.34,46607.21,46891.34,199432699,False
2021-09-15,46945.64,46952.31,46505.13,46716.72,118284304,False
2021-09-16,46729.0,46958.37,46623.41,46920.46,133579163,False
2021-09-17,46970.66,47181.74,46555.87,46636.08,163219161,False
2021-09-20,46626.9,46691.23,46215.18,46528.21,75261742,False
2021-09-21,46612.02,46833.14,45778.19,46008.85,132425826,False
2021-09-22,46031.89,46031.89,44788.17,45597.24,227489954,False
2021-09-23,45713.48,45939.39,45083.51,45296.88,131199565,False
2021-09-24,45290.27,45424.26,44861.09,45073.52,186692444,False
2021-09-27,45081.55,45236.48,44341.51,44817.76,162704454,False
2021-09-28,44846.7,45294.37,44747.22,45274.93,175444998,False
2021-09-29,45267.15,45342.26,43975.04,44366.74,208738040,False
2021-09-30,44291.3,44899.6,43972.09,44899.6,212619364,False
2021-10-01,44846.14,45003.26,44599.61,44871.7,111345129,False
2021-10-04,44786.14,45105.04,44561.82,45044.5,94364877,False
2021-10-05,45096.86,45101.36,44593.75,44666.57,141633952,False
2021-10-06,44662.04,44795.2,44284.55,44373.23,123016364,False
2021-10-07,44546.29,44947.38,44373.23,44586.04,111941622,False
2021-10-08,44586.41,44670.5,44338.17,44477.23,66192136,False
2021-10-11,44503.48,44544.1,43718.37,43829.35,88783309,False
2021-10-12,43792.23,44051.16,43149.28,43883.08,188656539,False
2021-10-13,43932.18,44172.74,43067.61,43221.78,156336367,False
2021-10-14,43101.29,44431.65,43046.25,44333.68,150131659,False
2021-10-15,44417.74,44834.83,44197.14,44821.53,152023463,False
2021-10-18,44656.59,44990.11,44442.28,44629.45,102247288,False
2021-10-20,44753.88,45563.61,44629.45,45499.46,132668141,False
2021-10-21,45548.1,46164.48,45481.99,45821.4,181068114,False
2021-10-22,45829.71,46037.95,45180.72,45578.36,141981087,False
2021-10-25,45608.03,45655.25,45308.07,45419.17,48920048,False
2021-10-26,45483.54,45516.78,45213.63,45227.8,69347389,False
2021-10-27,45544.03,46024.76,45537.46,45791.92,88034256,False
2021-10-28,45865.92,46061.63,45765.76,45946.09,95420087,False
2021-10-29,45980.4,46292.03,45681.59,46184.71,138127965,False
2021-11-01,46536.64,47251.71,46184.71,46974.78,193806019,False
2021-11-02,47117.87,47314.75,46974.78,47112.92,139279761,False
2021-11-03,47164.27,47317.27,46968.41,47032.44,165881084,False
2021-11-04,47086.34,47242.82,46936.48,47219.18,177958705,False
2021-11-05,47277.48,47608.46,47184.15,47295.8,150547037,False
2021-11-08,47338.85,47442.57,47020.85,47115.04,102264574,False
2021-11-09,47100.78,47174.49,46306.91,46399.91,130934628,False
2021-11-10,46497.98,46755.32,46399.91,46629.88,84042266,False
2021-11-11,46675.68,46843.69,46323.59,46348.18,83981243,False
2021-11-12,46342.13,46409.11,45717.21,45749.15,83044802,False
2021-11-15,45740.58,45910.96,45544.99,45736.26,57496942,False
2021-11-16,45798.94,46623.76,45736.26,46542.91,96445193,False
2021-11-17,46599.59,46655.9,46071.98,46194.42,93572103,False
2021-11-18,46098.22,46292.57,45728.42,46110.5,86439288,False
2021-11-19,46014.24,46601.79,46001.41,46489.41,128242556,False
2021-11-22,46478.95,46601.9,45716.6,45745.0,126432858,False
2021-11-23,45796.37,45915.61,44881.15,44948.52,110558838,False
2021-11-24,44938.93,44983.91,44207.83,44363.7,140130347,False
2021-11-25,44412.88,44516.82,43735.65,43935.75,97335744,False
2021-11-26,43906.67,44333.71,43735.71,44114.16,116969213,False
2021-11-29,44051.91,45416.99,43933.5,45330.05,109625271,False
2021-11-30,45486.46,45757.6,44727.96,45072.38,266877538,False
2021-12-01,45185.15,45459.83,45072.38,45369.14,85036666,False
2021-12-02,45267.97,45369.14,43087.47,43234.15,213437001,False
2021-12-03,42922.59,43590.52,42752.76,43232.83,139331967,False
2021-12-06,43382.22,43556.27,42972.02,43280.77,74061338,False
2021-12-07,43319.13,44066.16,43280.77,43853.49,89333224,False
2021-12-08,44024.19,44139.22,43653.06,43846.87,73487620,False
2021-12-09,43909.1,43996.62,43273.76,43518.84,97403386,False
2021-12-10,43494.05,43606.41,43044.99,43395.78,82480882,False
2021-12-13,43427.61,43478.61,42806.68,42876.37,71267282,False
2021-12-14,42899.84,43265.8,42715.42,43246.71,92577271,False
2021-12-15,43633.5,44507.47,43246.71,44366.86,178349476,False
2021-12-16,44389.09,44392.54,43607.8,43731.2,124153448,False
2021-12-17,43713.81,44003.75,43556.61,43900.68,105080742,False
2021-12-20,43930.22,44484.76,43808.84,44339.95,118592687,False
2021-12-21,44416.8,44594.66,44122.13,44177.07,98460875,False
2021-12-22,44211.33,44292.91,44091.2,44174.97,68020357,False
2021-12-23,44188.35,44446.99,44108.69,44266.9,85053428,False
2021-12-24,44262.94,44467.85,44041.52,44118.39,70961849,False
2021-12-27,44139.18,44167.58,43846.95,43913.44,53456464,False
2021-12-28,43921.95,44117.17,43906.41,44043.74,63135884,False
2021-12-29,44037.68,44265.14,43941.64,44260.11,136249887,False
2021-12-30,44433.38,44590.2,44260.11,44416.2,121310195,False
2021-12-31,44343.74,44646.49,44307.27,44596.07,153756188,False
2022-01-03,44582.53,44905.35,44509.57,44886.89,92829639,False
2022-01-04,44947.73,45406.08,44886.89,45390.84,134270525,False
2022-01-05,45409.48,45438.16,45241.45,45407.89,96758427,False
2022-01-06,45396.46,45407.89,45021.32,45082.3,133040796,False
2022-01-07,45022.16,45364.19,44968.9,45345.65,84438023,False
2022-01-10,45341.44,45967.29,45206.0,45887.63,126937011,False
2022-01-11,45926.66,46057.24,45524.23,45881.13,102284383,False
2022-01-12,45960.35,46220.4,45872.48,45916.25,125311623,False
2022-01-13,45938.81,46002.77,45693.8,45763.2,130512235,False
2022-01-14,45810.99,45987.88,45734.3,45763.45,90202852,False
2022-01-17,45739.9,45787.48,45385.97,45612.2,71629937,False
2022-01-18,45662.12,45758.1,45469.46,45507.41,78603280,False
2022-01-19,45522.43,45575.77,44734.24,44833.43,100821487,False
2022-01-20,44760.24,44875.44,44275.23,44825.97,113658979,False
2022-01-21,44828.12,45149.19,44755.74,45018.28,89865237,False
2022-01-24,45008.77,45044.51,44797.42,44923.91,88543021,False
2022-01-25,44965.59,45255.43,44846.03,44887.77,97012059,False
2022-01-26,44894.78,45030.45,44712.65,44955.05,66916252,False
2022-01-27,44995.16,45179.89,44955.05,45083.04,89840095,False
2022-01-28,45069.78,45312.05,45042.25,45077.91,89324460,False
2022-01-31,45139.09,45462.62,45077.91,45374.68,91945213,False
2022-02-01,45419.3,45754.17,45374.68,45674.5,115426498,False
2022-02-02,45702.82,46139.5,45674.5,46119.15,123505464,False
2022-02-03,46343.62,46387.64,45818.04,45862.93,125664033,False
2022-02-04,45897.84,46133.2,45814.64,45909.65,82119876,False
2022-02-07,45957.04,46139.82,45799.67,45841.25,77220522,False
2022-02-08,45820.53,46040.61,45727.64,45947.95,91897383,False
2022-02-09,46000.86,46405.86,45947.95,46339.76,125209538,False
2022-02-10,46349.5,46464.38,45936.74,45940.04,112176623,False
2022-02-11,45912.97,46143.91,45838.75,46079.37,84566424,False
2022-02-14,46035.96,46133.87,45507.45,45644.09,71854043,False
2022-02-15,45645.57,45804.0,45502.81,45731.7,98225012,False
2022-02-16,45815.98,45904.63,45603.93,45684.8,78140056,False
2022-02-17,45582.17,45716.89,45258.85,45441.1,63814690,False
2022-02-18,45442.29,45705.5,45441.1,45675.87,113634773,False
2022-02-21,45681.25,45742.83,45342.06,45362.85,62159048,False
2022-02-22,45302.54,45362.85,44698.45,45012.18,112199460,False
2022-02-23,45087.81,45235.21,44756.23,45132.92,94488957,False
2022-02-24,44691.69,45132.92,43791.31,43830.51,136261424,False
2022-02-25,43805.73,44192.52,43805.73,43984.24,90038840,False
2022-02-28,43999.42,44557.1,43645.58,44461.01,81022849,False
2022-03-01,44968.88,45016.65,44461.01,44803.58,129060091,False
2022-03-02,44614.81,44803.58,44133.88,44514.12,114618079,False
2022-03-03,44522.53,44705.74,44311.8,44525.72,107739600,False
2022-03-04,44516.59,44723.19,44461.06,44551.35,62841923,False
2022-03-07,44419.16,44551.35,43050.88,43266.97,104842757,False
2022-03-08,43233.26,43426.72,42788.53,42878.35,92995497,False
2022-03-09,42915.51,43217.19,42865.81,43042.96,82231020,False
2022-03-10,43322.13,43921.82,43042.96,43853.62,83786258,False
2022-03-11,43963.66,43966.27,43596.16,43653.33,61845753,False
2022-03-14,43698.44,43767.77,43324.94,43366.89,43211362,False
2022-03-15,43415.27,43793.57,43326.76,43719.82,48986559,False
2022-03-16,43793.91,44281.27,43719.82,43975.69,77395255,False
2022-03-17,44042.39,44187.0,43798.16,43807.23,46620425,False
2022-03-18,43593.62,43807.23,42990.55,43029.97,92329899,False
2022-03-21,43122.18,43388.18,43029.97,43230.22,48062818,False
2022-03-22,43301.8,43398.44,43164.2,43203.79,53938791,False
2022-03-24,43219.43,43569.67,42936.06,43522.55,64533325,False
2022-03-25,43525.46,43686.35,43375.51,43551.14,68444429,False
2022-03-28,43578.94,43933.56,43291.01,43933.56,59114034,False
2022-03-29,44056.81,44478.58,43933.56,44438.7,105008730,False
2022-03-30,44106.82,44444.98,43975.67,44337.56,115692134,False
2022-03-31,44394.56,44928.83,44337.56,44928.83,165238744,False
2022-04-01,44897.04,45396.14,44654.95,45152.11,126507431,False
2022-04-04,44364.96,45152.11,43824.08,43902.04,75843923,False
2022-04-05,43889.95,44289.83,43784.03,43928.08,52688446,False
2022-04-06,43943.76,44377.92,43928.08,44111.1,47006666,False
2022-04-07,44167.89,44349.59,43751.75,43786.83,69388653,False
2022-04-08,43909.55,44501.55,43786.83,44444.58,93983890,False
2022-04-11,45318.65,46215.54,44444.58,46144.96,228857846,False
2022-04-12,46267.39,46459.26,45896.46,46407.26,186748092,False
2022-04-13,46363.85,46643.05,46062.27,46165.5,146432942,False
2022-04-14,46188.36,46510.11,46054.36,46484.43,211501391,False
2022-04-15,46623.3,46785.59,46484.43,46601.54,168214442,False
2022-04-18,46540.86,46970.04,46418.76,46539.59,118978198,False
2022-04-19,46649.18,46746.27,46275.64,46333.36,114626425,False
2022-04-20,46450.97,46586.06,45891.14,45943.16,111648823,False
2022-04-21,45954.55,46067.18,45599.96,45652.62,98247520,False
2022-04-22,45739.31,45774.85,45505.07,45553.02,89520669,False
2022-04-25,45822.05,46203.59,45553.02,46073.25,118702496,False
2022-04-26,46120.63,46184.55,45782.89,45817.67,93619994,False
2022-04-27,45898.79,45958.37,45482.5,45533.3,122986700,False
2022-04-28,45451.19,45533.3,44656.96,45249.41,155366019,False
2022-05-06,45220.04,45249.41,44784.42,44840.81,87692668,False
2022-05-09,44841.41,44841.41,43233.21,43393.14,170735940,False
2022-05-10,43479.5,43647.55,43262.69,43504.36,114408887,False
2022-05-11,43533.6,43649.59,42394.32,42863.15,167547345,False
2022-05-12,42840.08,43032.5,42273.27,42898.44,102128708,False
2022-05-13,42913.33,43505.75,42853.8,43486.46,100458660,False
2022-05-16,43377.2,43486.46,42375.39,42667.32,135503439,False
2022-05-17,42723.38,42883.86,42607.15,42726.06,97152790,False
2022-05-18,42732.91,43161.43,42509.55,43026.88,117993066,False
2022-05-19,43021.13,43256.32,42938.75,42983.45,82183370,False
2022-05-20,43000.29,43185.8,42938.6,43100.7,84689714,False
2022-05-23,42930.39,43100.71,42345.08,42440.25,54453888,False
2022-05-24,42400.28,42637.54,41915.98,41950.32,76029692,False
2022-05-25,41897.91,42128.41,41356.02,42012.66,120553891,False
2022-05-26,42003.71,42607.43,41904.46,42541.71,133682399,False
2022-05-27,42909.8,43554.75,42541.71,42861.45,236797768,False
2022-05-30,42956.57,43257.78,42861.45,43040.14,81294999,False
2022-05-31,43165.61,43339.22,43018.4,43078.14,122472161,False
2022-06-01,43067.63,43148.77,42723.51,42756.04,68310653,False
2022-06-02,42744.64,42822.77,42132.98,42237.91,70103522,False
2022-06-03,42250.28,42310.94,41145.35,41314.88,130020941,False
2022-06-06,41278.56,41674.1,41031.91,41577.21,95388706,False
2022-06-07,41616.45,41854.25,41524.07,41568.41,62247132,False
2022-06-08,41539.04,41620.35,41391.53,41553.16,73399433,False
2022-06-09,41585.25,41994.62,41553.16,41735.96,66320930,False
2022-06-10,41719.79,42076.14,41715.05,42014.73,39391037,False
2022-06-13,42069.65,42069.65,40834.97,40879.93,62710521,False
2022-06-14,40852.57,41115.72,40657.88,41054.68,55761379,False
2022-06-15,41131.23,41534.99,41054.68,41438.79,60086371,False
2022-06-16,41450.83,41764.19,41322.89,41730.16,73221131,False
2022-06-17,41742.97,42420.64,41730.16,42140.76,130817436,False
2022-06-20,42190.1,42357.92,41740.12,41776.98,66484060,False
2022-06-21,41809.83,42568.87,41745.27,42525.95,135278184,False
2022-06-22,42539.9,42880.17,42408.17,42458.14,113646198,False
2022-06-23,42555.23,42983.41,42458.14,42716.97,185691810,False
2022-06-24,42720.55,42782.34,40555.41,41051.79,210809048,False
2022-06-27,41194.48,41949.93,41051.79,41878.57,122621047,False
2022-06-28,41995.52,42149.29,41614.6,41765.62,120026838,False
2022-06-29,41750.48,41813.62,41119.19,41297.73,78947560,False
2022-06-30,41297.79,41559.31,41220.49,41540.83,112646496,False
2022-07-01,41583.63,41744.86,41538.49,41630.35,66142093,False
2022-07-04,41634.42,41685.69,41323.42,41348.19,43326791,False
2022-07-05,41354.8,41458.08,41068.6,41102.57,41388713,False
2022-07-06,41135.13,41334.9,41102.57,41159.79,41595082,False
2022-07-07,41182.84,41396.57,41009.64,41344.01,55977384,False
2022-07-13,41331.22,41971.83,41223.97,41862.77,80811776,False
2022-07-14,42030.02,42362.91,41862.77,42348.91,132598345,False
2022-07-15,42357.97,42499.48,42027.37,42074.91,77316776,False
2022-07-18,41825.24,42074.91,41275.08,41367.11,67917644,False
2022-07-19,41379.13,41551.53,40216.38,40389.07,103500245,False
2022-07-20,40435.95,40533.6,40135.38,40459.7,69278924,False
2022-07-21,40472.33,40577.06,39801.21,39831.75,73101817,False
2022-07-22,39838.84,40180.78,39541.09,40077.3,86737313,False
2022-07-25,40075.36,40077.3,39720.8,39844.02,36363820,False
2022-07-26,39832.15,40135.44,39712.94,39894.05,69037783,False
2022-07-27,39923.03,40097.19,39605.1,39972.64,65973784,False
2022-07-28,40036.05,40623.6,39972.64,40276.64,119042770,False
2022-07-29,40266.77,40420.57,40026.86,40150.36,93024332,False
2022-08-01,40218.61,40380.64,40070.67,40075.96,46740818,False
2022-08-02,39988.71,40458.09,39762.5,40191.61,79376756,False
2022-08-03,40233.41,41208.09,40191.61,41068.87,145830327,False
2022-08-04,41170.35,41630.22,41068.87,41425.37,114511701,False
2022-08-05,41469.38,42168.08,41425.37,42096.24,198134379,False
2022-08-10,42278.45,42776.47,42096.24,42494.85,196163157,False
2022-08-11,42560.81,42678.94,42215.73,42243.33,128322729,False
2022-08-12,42294.4,42874.22,42243.33,42857.57,180984985,False
2022-08-15,43049.18,43659.04,42857.57,43621.82,261916640,False
2022-08-16,43622.77,43887.62,43379.79,43436.48,225420807,False
2022-08-17,43485.2,43736.43,43389.48,43676.56,345763780,False
2022-08-18,43735.74,43879.23,43390.33,43481.5,220969938,False
2022-08-19,43451.31,43531.65,43232.95,43270.65,113547578,False
2022-08-22,43256.81,43314.19,42787.86,42826.66,90622217,False
2022-08-23,42966.32,43419.59,42826.66,43366.78,138121459,False
2022-08-24,43451.68,43684.11,43299.48,43337.97,116045785,False
2022-08-25,43353.54,43457.55,42961.1,43032.57,92581219,False
2022-08-26,43061.43,43201.21,42547.72,42591.51,160263823,False
2022-08-29,42541.4,42591.51,41828.13,42504.34,112001357,False
2022-08-30,42986.94,43052.27,42106.02,42195.25,140217890,False
2022-08-31,42179.72,42472.14,42079.05,42351.15,120330671,False
2022-09-01,42495.89,42667.53,42351.15,42460.08,153353787,False
2022-09-02,42461.82,42568.66,42238.22,42309.11,82112896,False
2022-09-05,42310.54,42388.34,41859.1,41859.3,63935724,False
2022-09-06,41878.23,41927.05,41684.01,41860.36,52481043,False
2022-09-07,41941.66,42064.94,41703.95,41766.05,45956201,False
2022-09-08,41795.43,41936.93,41676.94,41824.79,63305539,False
2022-09-09,41815.49,42099.54,41815.49,41948.16,96439065,False
2022-09-12,41992.32,42137.8,41812.93,41862.29,66430462,False
2022-09-13,41909.38,42092.72,41862.29,42001.34,62483435,False
2022-09-14,41980.72,42084.45,41912.84,42011.82,94120649,False
2022-09-15,42084.31,42311.63,41724.81,41772.09,123988185,False
2022-09-16,41765.16,41916.86,41603.48,41679.49,122860253,False
2022-09-19,41735.05,41896.62,41504.64,41520.59,78085625,False
2022-09-20,41522.7,41642.02,41078.71,41220.91,86156455,False
2022-09-21,41253.7,41357.75,40871.82,40965.58,113077630,False
2022-09-22,40924.58,40986.95,40417.92,40927.95,104058372,False
2022-09-23,41036.47,41128.83,40514.33,40620.21,90942873,False
2022-09-26,40651.39,41196.63,40620.21,41151.54,139318855,False
2022-09-27,41276.49,41589.89,41151.54,41518.23,124680525,False
2022-09-28,41569.08,41820.95,41391.18,41435.13,105981567,False
2022-09-29,41409.96,41435.13,40910.82,41013.86,73950506,False
2022-09-30,40817.05,41134.99,40753.94,41128.67,128618711,False
2022-10-03,41093.33,41403.73,41090.52,41211.7,121798444,False
2022-10-04,41303.78,41587.73,41211.7,41350.43,115729029,False
2022-10-05,41431.52,41668.46,41350.43,41611.42,127134199,False
2022-10-06,41719.8,42201.55,41611.42,42160.57,160921193,False
2022-10-07,42105.96,42389.2,41992.11,42085.25,104268280,False
2022-10-10,42170.43,42441.29,42071.67,42211.64,139282539,False
2022-10-11,42305.06,42410.83,42053.81,42155.48,151153665,False
2022-10-12,42105.76,42195.36,41950.98,42007.14,113157292,False
2022-10-13,41970.9,42121.4,41900.85,42085.72,87608679,False
2022-10-14,42149.19,42237.29,41897.05,41948.5,88303910,False
2022-10-17,41957.62,41988.5,41725.96,41755.45,50690020,False
2022-10-18,41821.69,42007.23,41755.45,41839.26,62269613,False
2022-10-19,41919.43,42265.22,41839.27,42226.05,66376599,False
2022-10-20,42304.7,42422.22,42097.31,42137.04,84505502,False
2022-10-21,42164.17,42245.51,41793.64,42213.48,92805300,False
2022-10-24,42569.93,42672.34,42213.48,42347.23,65059621,False
2022-10-25,42327.19,42523.51,42156.68,42190.02,72238426,False
2022-10-26,42053.93,42190.03,41490.13,41540.03,107067319,False
2022-10-27,41543.79,41711.66,41318.66,41602.85,88936043,False
2022-10-28,41599.11,41641.51,41115.21,41140.33,77875642,False
2022-10-31,41169.6,41375.4,41140.34,41264.66,34660186,False
2022-11-01,41383.33,41833.43,41264.66,41808.69,76754181,False
2022-11-02,41834.63,42004.9,41727.15,41944.59,73243393,False
2022-11-03,41982.89,42173.46,41887.51,42090.71,87001521,False
2022-11-04,41836.65,42090.71,41720.9,41856.31,71112118,False
2022-11-07,42000.7,42207.42,41856.31,42047.36,63259184,False
2022-11-08,42101.68,42314.14,42047.36,42265.36,84518015,False
2022-11-10,42309.57,42959.28,42265.36,42901.27,142073359,False
2022-11-11,43062.36,43120.83,42805.88,43092.95,103402069,False
2022-11-14,43083.08,43092.95,42761.88,42850.83,82380705,False
2022-11-15,42913.84,43035.78,42748.71,42796.85,97300607,False
2022-11-16,42803.0,43097.57,42728.67,42983.75,83470363,False
2022-11-17,43048.51,43099.75,42769.37,42819.72,72213612,False
2022-11-18,42778.62,42819.72,42600.99,42730.24,108151257,False
2022-11-21,42747.73,42853.94,42664.53,42761.19,62389056,False
2022-11-22,42791.09,43076.45,42761.19,42928.62,82382543,False
2022-11-23,42931.81,43040.58,42790.25,42880.31,56567438,False
2022-11-24,42898.64,43014.6,42865.38,42903.65,66352300,False
2022-11-25,43037.98,43120.54,42876.24,42936.73,77543332,False
2022-11-28,42582.47,42936.73,41963.94,42071.34,121762508,False
2022-11-29,42049.79,42438.08,42042.48,42373.59,71694077,False
2022-11-30,42413.26,42515.63,42274.16,42348.63,53037512,False
2022-12-01,42375.02,42658.39,42348.63,42393.52,56001898,False
2022-12-02,42365.11,42471.19,41946.49,42150.1,59433471,False
2022-12-05,42150.58,42248.53,41514.81,41612.67,56412721,False
2022-12-06,41608.22,41743.92,41296.54,41539.94,46388972,False
2022-12-07,41557.57,41900.81,41539.94,41819.29,69417912,False
2022-12-08,41858.39,41927.38,41598.94,41651.61,47104027,False
2022-12-09,41632.96,41747.57,41550.7,41698.28,45627343,False
2022-12-12,41718.67,41784.48,41511.2,41540.55,45403158,False
2022-12-13,41530.44,41770.57,41512.43,41714.3,66665118,False
2022-12-14,41710.19,41873.91,41542.32,41737.62,53071442,False
2022-12-15,41894.51,41996.82,41109.95,41179.76,137451123,False
2022-12-16,41193.58,41393.97,41087.59,41301.48,64638892,False
2022-12-19,41292.58,41393.37,40814.95,40970.82,82408144,False
2022-12-20,40955.92,41037.14,39533.03,39832.45,128223108,False
2022-12-21,39667.39,40022.37,39276.7,39342.89,65409862,False
2022-12-22,39426.29,39926.34,39330.02,39838.33,86247762,False
2022-12-23,39802.34,39938.32,39497.73,39669.2,76131694,False
2022-12-26,39763.85,40367.43,39669.2,40155.16,85399147,False
2022-12-27,40219.33,40315.77,39705.66,39802.91,102458561,False
2022-12-28,39805.19,39866.99,39027.51,39279.43,163838477,False
2022-12-29,39281.4,39747.35,39205.17,39747.35,166553791,False
2022-12-30,39734.49,40420.45,39694.12,40420.45,204009872,False
2023-01-02,40415.98,41027.51,40348.89,40815.9,107600142,False
2023-01-03,40865.14,41015.92,40595.58,40630.64,80839832,False
2023-01-04,40675.16,40896.18,40497.98,40539.3,61170233,False
2023-01-05,40597.07,40790.74,40539.3,40716.74,61922475,False
2023-01-06,40759.4,41097.89,40684.49,41007.52,113636996,False
2023-01-09,40985.04,41074.73,40436.82,40504.76,97518736,False
2023-01-10,40828.56,40986.44,40504.76,40801.5,115515949,False
2023-01-11,40913.5,40988.28,40597.35,40758.2,109796541,False
2023-01-12,40770.42,41219.67,40668.95,40803.89,83915453,False
2023-01-13,40645.79,40803.89,40195.67,40323.45,66550004,False
2023-01-16,40344.26,40354.72,39660.75,39720.75,52067144,False
2023-01-17,39741.95,39942.28,38287.81,38342.21,125779196,False
2023-01-18,38347.77,38945.97,38257.56,38791.09,81032775,False
2023-01-19,38890.95,39064.9,38730.3,38831.58,92575909,False
2023-01-20,38836.96,38982.16,38291.7,38407.98,51555451,False
2023-01-23,38454.81,38553.12,38135.53,38443.59,38406491,False
2023-01-24,38516.55,39091.7,38443.59,39055.65,100210397,False
2023-01-25,39182.55,39945.62,39055.65,39784.9,148829518,False
2023-01-26,39906.74,40994.69,39784.9,40846.53,235305755,False
2023-01-27,40896.2,41095.56,40402.72,40450.53,112883091,False
2023-01-30,40468.47,40666.96,39844.39,39871.27,78508160,False
2023-01-31,39926.3,40717.26,39871.27,40673.06,93012682,False
2023-02-01,40751.82,40985.46,40611.15,40619.94,86373746,False
2023-02-02,40617.65,40826.67,40444.91,40733.51,66821222,False
2023-02-03,40718.69,40872.87,40329.75,40471.16,60688468,False
2023-02-06,40745.8,41302.29,40471.16,41190.77,125547707,False
2023-02-07,41432.71,41763.95,41190.77,41522.76,156313502,False
2023-02-08,41517.39,41846.85,41404.62,41723.32,147379705,False
2023-02-09,41886.38,42567.75,41723.32,42466.59,205352059,False
2023-02-10,42121.65,42544.47,41663.22,41741.78,190177043,False
2023-02-13,41726.13,41991.16,41644.31,41716.95,110589112,False
2023-02-14,41780.08,41848.76,41047.03,41150.16,107824712,False
2023-02-15,41122.32,41457.76,40918.85,41326.85,90086916,False
2023-02-16,41405.38,41619.2,41024.78,41078.65,95701402,False
2023-02-17,41078.51,41214.07,40964.98,41118.61,65470949,False
2023-02-20,41152.53,41162.89,40623.97,40673.64,54102778,False
2023-02-21,40774.07,40966.71,40673.64,40949.84,55299910,False
2023-02-22,40972.09,41212.95,40923.03,41167.6,102581432,False
2023-02-23,41168.22,41168.22,40772.52,40838.51,94576734,False
2023-02-24,40853.73,40978.46,40682.46,40707.76,76072177,False
2023-02-27,40714.71,40820.09,40616.6,40784.13,80799560,False
2023-02-28,40784.27,40810.04,40436.36,40510.37,68768929,False
2023-03-01,40488.3,40539.87,40029.72,40412.77,102781379,False
2023-03-02,40412.65,40852.97,40353.46,40670.88,87704303,False
2023-03-03,40506.4,41359.11,40487.28,41337.0,110676613,False
2023-03-06,41429.37,41797.71,41337.0,41434.33,96270181,False
2023-03-07,41497.53,41530.19,41334.69,41334.69,87912789,False
2023-03-08,41345.21,41618.66,41334.69,41358.93,89274553,False
2023-03-09,41424.47,41648.08,41358.93,41585.54,113952877,False
2023-03-10,41669.71,41902.02,41585.54,41793.87,102284945,False
2023-03-13,41905.95,42291.77,41787.35,41856.85,112142994,False
2023-03-14,41834.18,41953.78,41705.82,41816.43,69046313,False
2023-03-15,41752.1,42010.06,41607.05,41874.04,129039165,False
2023-03-16,41959.25,42119.03,41639.5,41694.09,115108536,False
2023-03-17,41717.05,41808.88,41270.81,41329.95,93015969,False
2023-03-20,41334.86,41398.03,40909.24,40918.45,92207003,False
2023-03-21,40928.7,40990.12,40696.74,40877.98,63394569,False
2023-03-22,40891.03,40996.72,40352.71,40376.1,67397756,False
2023-03-24,40391.36,40440.7,39922.89,39942.05,19488150,False
2023-03-27,39941.63,40066.73,39845.06,40000.37,36471249,False
2023-03-28,40011.92,40203.84,40000.37,40082.37,36703040,False
2023-03-29,40094.14,40186.11,39866.25,39879.89,44772859,False
2023-03-30,39882.6,40005.07,39796.69,39848.35,48906963,False
2023-03-31,39865.25,40000.83,39729.44,40000.83,68756703,False
2023-04-03,40039.76,40077.77,39860.62,39889.9,33189874,False
2023-04-04,39914.9,39920.35,39482.17,39687.26,36946065,False
2023-04-05,39763.53,39910.05,39664.98,39717.15,39543955,False
2023-04-06,39781.47,40374.33,39717.15,40350.89,77331473,False
2023-04-07,40435.96,40549.86,40005.04,40049.65,47688955,False
2023-04-10,40066.6,40183.81,39815.86,39835.9,34495354,False
2023-04-11,39871.78,39919.99,39723.01,39804.71,32180891,False
2023-04-12,39810.6,40172.76,39803.95,40126.05,46798435,False
2023-04-13,40283.25,40418.6,40126.05,40205.54,45808639,False
2023-04-17,40297.68,40372.8,40182.37,40246.66,46917271,False
2023-04-18,40289.32,40484.29,40221.08,40448.05,34297226,False
2023-04-19,40367.66,40532.76,40289.95,40499.34,35146342,False
2023-04-20,40672.36,41086.67,40499.34,41007.82,72509719,False
2023-04-26,41188.46,41363.89,41007.82,41099.58,82796141,False
2023-04-27,41204.63,41518.74,41081.07,41463.91,92486302,False
2023-04-28,41524.43,41790.68,41463.91,41580.85,126378178,False
2023-05-02,41628.94,41990.15,41580.85,41927.64,86718259,False
2023-05-03,42064.87,42171.68,41915.81,42087.93,135523789,False
2023-05-04,42151.42,42336.44,42055.9,42093.8,147366578,False
2023-05-05,42108.47,42323.29,41962.9,42241.98,99979131,False
2023-05-08,42317.71,42389.22,41767.45,41829.49,68753925,False
2023-05-09,41829.8,41830.35,41277.73,41373.81,104566602,False
2023-05-10,41295.32,41407.09,41041.32,41074.95,53035790,False
2023-05-11,41175.26,41498.77,41074.95,41325.63,38582198,False
2023-05-12,41378.51,41649.15,41299.39,41487.58,50185992,False
2023-05-15,41498.01,41716.26,41310.19,41718.43,49988471,True
2023-05-16,41827.94,42081.58,41817.01,42006.25,101393475,False
2023-05-17,42083.63,42110.03,41818.34,41833.66,55085917,False
2023-05-18,41878.59,41964.27,41411.64,41442.08,49251803,False
2023-05-19,41462.64,41628.79,41354.33,41599.19,54445137,False
2023-05-22,41600.63,41690.28,41155.48,41195.07,47159489,False
2023-05-23,41224.39,41295.65,41098.7,41099.31,43773934,False
2023-05-24,41128.92,41342.23,41064.4,41117.33,40319317,False
2023-05-25,41165.06,41219.03,40956.88,41029.68,66782330,False
2023-05-26,41055.62,41148.56,40783.8,40964.54,107421013,False
2023-05-29,41005.15,41649.14,41005.15,41340.06,95414355,False
2023-05-30,41362.07,41693.47,41362.07,41671.66,104070259,False
2023-05-31,41726.69,41852.24,41265.04,41330.56,90800279,False
2023-06-01,41388.2,41481.54,41226.95,41266.77,49182996,False
2023-06-02,41258.43,41403.44,41237.41,41352.99,67590495,False
2023-06-05,41390.47,41681.68,41375.58,41667.94,81528663,False
2023-06-06,41752.64,42026.94,41751.21,41923.46,122487335,False
2023-06-07,41975.36,42231.63,41924.49,42142.71,117407005,False
2023-06-08,42223.62,42307.12,41648.84,41686.46,101054090,False
2023-06-09,41735.08,41931.83,41677.14,41904.21,78778532,False
2023-06-12,41915.66,42029.14,41715.31,41782.93,83268798,False
2023-06-13,41887.6,42025.54,41522.64,41538.72,61679101,False
2023-06-14,41594.97,41744.44,41448.61,41514.45,40598045,False
2023-06-15,41631.57,41639.34,41269.13,41369.17,44870622,False
2023-06-16,41467.91,41612.67,41280.16,41301.3,60077517,False
2023-06-19,41411.76,41484.33,40610.28,40621.22,93209138,False
2023-06-20,40638.86,40739.98,40507.18,40653.03,73767501,False
2023-06-21,40693.22,40804.88,40191.25,40220.8,47517062,False
2023-06-22,40231.16,40378.6,40091.38,40152.05,65604886,False
2023-06-23,40175.95,40235.58,39894.43,40065.32,59550498,False
2023-06-26,40334.05,41491.88,40334.05,41437.1,122322431,False
2023-06-27,41431.86,41606.25,41208.2,41452.69,138020803,False
2023-07-03,43683.78,43933.95,43404.7,43899.01,169579716,False
2023-07-04,44511.52,44511.52,43488.38,43557.02,245524380,False
2023-07-05,43536.6,44041.26,43464.06,43552.84,181239464,False
2023-07-06,43691.55,44212.77,43550.14,44178.85,166226008,False
2023-07-07,44179.14,44293.51,44086.74,44207.31,115725141,False
2023-07-10,44275.02,44601.78,44260.11,44585.13,183245879,False
2023-07-11,44691.46,45250.49,44691.46,45155.8,248170894,False
2023-07-12,45297.24,45582.31,45200.35,45514.95,206704768,False
2023-07-13,45808.98,45971.0,45255.58,45266.96,225216885,False
2023-07-14,45289.44,45488.45,45043.17,45067.98,112884945,False
2023-07-17,45114.91,45283.31,45013.98,45042.61,148647059,False
2023-07-18,45157.5,45240.21,44848.39,45009.34,125417665,False
2023-07-19,45101.57,45227.49,44928.03,45095.11,125855052,False
2023-07-20,45079.61,45451.65,45067.96,45398.31,157393880,False
2023-07-21,45392.37,46122.16,45391.55,45920.73,205835373,False
2023-07-24,46070.67,46195.71,45872.67,46054.81,154049551,False
2023-07-25,46063.6,46540.88,46019.63,46417.34,142842916,False
2023-07-26,46531.52,46724.58,46499.37,46682.53,243056307,False
2023-07-27,46779.75,47393.47,46779.75,47077.0,253982658,False
2023-07-31,47372.54,48126.5,47372.54,48034.6,315676643,False
2023-08-01,48326.51,48441.84,47998.27,48230.51,274242037,False
2023-08-02,48277.82,48852.05,48178.89,48764.55,365630667,False
2023-08-03,48993.33,49404.5,48541.35,48611.18,289325455,False
2023-08-04,48584.59,48840.27,48427.99,48585.72,210396471,False
2023-08-07,48716.46,49034.92,48276.54,48386.25,232034005,False
2023-08-08,48359.55,48415.46,47335.32,47429.83,197511127,False
2023-08-09,47322.66,48334.54,47262.38,48227.6,183275562,False
2023-08-10,48503.9,48622.91,47626.75,47808.34,175252024,False
2023-08-11,47968.51,48898.82,47968.51,48424.4,242051343,False
2023-08-15,48478.19,48794.13,48293.03,48565.75,123699038,False
2023-08-16,48575.05,48614.47,48108.88,48146.44,104981376,False
2023-08-17,47961.18,48397.38,47893.71,48325.84,101396353,False
2023-08-18,48406.43,48615.14,48196.19,48218.5,132257744,False
2023-08-21,48141.31,48234.26,47432.72,47447.96,84335337,False
2023-08-22,47451.64,47675.22,47359.18,47417.9,73227553,False
2023-08-23,47503.35,47588.24,47007.66,47418.63,96280945,False
2023-08-24,47463.68,47994.19,47463.68,47750.77,168476614,False
2023-08-25,47818.32,47853.55,47570.31,47671.22,91943441,False
2023-08-28,47732.79,47733.51,47399.28,47478.61,97813577,False
2023-08-29,47322.44,47372.09,46598.24,46770.42,111051776,False
2023-08-30,46771.14,46857.88,46101.34,46244.56,101472129,False
2023-08-31,46286.73,46358.02,44459.63,45002.42,169142258,False
2023-09-01,45005.74,45358.29,44795.82,45312.66,55690564,False
2023-09-04,45461.58,45788.74,45448.02,45707.43,55254788,False
2023-09-05,45825.12,45950.68,45417.0,45491.49,55028384,False
2023-09-06,45515.03,45854.19,45460.28,45807.58,74242782,False
2023-09-07,45854.24,46035.81,45703.53,45757.24,98984688,False
2023-09-08,45812.7,46077.39,45728.89,46013.49,67980063,False
2023-09-11,46071.19,46174.69,45678.15,45865.73,140183512,False
2023-09-12,45902.72,45902.72,45468.27,45508.4,58398860,False
2023-09-13,45507.73,45732.73,45500.22,45590.93,47422802,False
2023-09-14,45581.72,45776.97,45581.49,45650.06,61386957,False
2023-09-15,45986.58,46093.01,45700.65,45753.52,140164860,False
2023-09-18,45824.42,45907.08,45662.7,45803.19,38482836,False
2023-09-19,45850.2,46036.04,45850.2,45910.47,57099739,False
2023-09-20,45947.39,46035.09,45808.11,45889.58,46255114,False
2023-09-21,45917.5,46309.8,45733.44,46202.13,74186692,False
2023-09-22,46322.34,46500.45,46182.0,46421.15,94480015,False
2023-09-25,46486.05,46590.26,46305.88,46393.68,89591756,False
2023-09-26,46399.88,46503.82,46258.96,46277.66,95627367,False
2023-09-27,46291.28,46448.34,46238.12,46365.04,91939003,False
2023-09-28,46464.29,46469.6,46177.5,46232.59,80528410,False
2023-10-02,46294.62,46704.64,46294.62,46627.08,100351138,False
2023-10-03,46685.93,46820.72,46670.79,46756.8,95173296,False
2023-10-04,46760.83,47199.5,46748.79,47079.83,100274648,False
2023-10-05,47152.98,47484.56,47152.98,47452.38,182435686,False
2023-10-06,47545.3,47619.26,47402.58,47493.57,116567496,False
2023-10-09,47376.59,47775.73,47217.74,47721.8,116346026,False
2023-10-10,47752.69,48166.36,47708.11,48140.28,169366744,False
2023-10-11,48210.6,48516.64,48208.3,48474.54,275943536,False
2023-10-12,48520.71,48830.26,48359.38,48771.71,223229778,False
2023-10-13,48821.58,49520.38,48767.59,49493.47,369813447,False
2023-10-16,49705.41,49919.03,49317.59,49731.35,296340716,False
2023-10-17,49792.49,50017.45,49508.42,49531.01,221287157,False
2023-10-18,49496.19,49740.98,49383.72,49431.48,157191807,False
2023-10-19,49487.16,50399.92,49436.92,50365.15,249126199,False
2023-10-20,50417.99,50952.67,50332.76,50731.87,210055910,False
2023-10-23,50924.38,51419.87,50924.38,51070.83,188079460,False
2023-10-24,51121.92,51121.92,50624.38,51027.94,145554910,False
2023-10-25,51023.31,51483.85,51023.31,51177.13,215696389,False
2023-10-26,51341.92,51520.68,51140.64,51185.28,175300260,False
2023-10-27,51219.11,51269.74,50834.72,50943.84,178785483,False
2023-10-30,50971.84,51501.82,50971.84,51482.93,137434765,False
2023-10-31,51633.0,52088.71,51508.58,51920.27,252190357,False
2023-11-01,52075.16,52451.21,52075.16,52342.64,258255099,False
2023-11-02,52421.09,52706.01,52239.59,52656.76,182993002,False
2023-11-03,52916.99,53263.07,52782.21,53123.04,215903590,False
2023-11-06,53286.64,53944.89,53166.86,53860.37,269491781,False
2023-11-07,53977.16,54312.9,53711.47,53735.73,246164787,False
2023-11-08,53720.46,54419.65,53720.46,54261.43,259130534,False
2023-11-10,54371.75,55506.33,54371.75,55391.37,372306379,False
2023-11-13,55644.68,56583.59,55644.68,56523.58,300340813,False
2023-11-14,56732.99,56873.99,56118.18,56665.93,255537248,False
2023-11-15,56793.35,56846.68,56433.05,56680.07,306791871,False
2023-11-16,56838.66,57549.27,56531.54,57397.03,359819193,False
2023-11-17,57503.68,57750.93,56977.02,57063.16,363423269,False
2023-11-20,57099.82,57309.27,56738.4,57077.96,314736021,False
2023-11-21,57176.46,57691.22,57176.46,57371.59,355672819,False
2023-11-22,57418.5,58405.92,57418.5,58198.76,256574048,False
2023-11-23,58246.21,58920.41,58246.21,58899.84,306739122,False
2023-11-24,59059.56,59502.28,58990.21,59086.35,289169682,False
2023-11-27,59298.9,59896.08,58999.31,59811.34,276857891,False
2023-11-28,60023.86,60845.61,60023.86,60730.26,336599517,False
2023-11-29,60916.67,61555.84,60328.18,60502.0,343522861,False
2023-11-30,60787.9,60981.68,60428.14,60531.27,232896884,False
2023-12-01,60667.83,61779.73,60576.42,61691.25,295893264,False
2023-12-04,62061.57,62912.61,62061.57,62493.05,368996167,False
2023-12-05,62653.4,63036.51,62215.19,62956.03,408331339,False
2023-12-06,63205.42,64038.83,63188.72,63917.72,515164227,False
2023-12-07,64159.02,64958.1,63853.05,64718.08,765341303,False
2023-12-08,65055.17,66273.73,65055.17,66223.63,818336744,False
2023-12-11,66162.29,66564.04,65129.0,66012.33,613393284,False
2023-12-12,66121.14,66604.04,66121.14,66426.78,467908286,False
2023-12-13,66764.3,67093.96,64427.39,65280.16,677143245,False
2023-12-14,65323.06,65622.56,64437.7,65450.19,407559936,False
2023-12-15,65774.74,66346.77,65559.49,66130.02,984029483,False
2023-12-18,66525.7,66586.62,65064.94,65204.68,963383501,False
2023-12-19,65124.3,65132.03,62360.78,62833.03,949995503,False
2023-12-20,62862.54,63261.05,61082.5,62448.01,662624425,False
2023-12-21,62742.26,62850.1,61750.97,62693.57,527220317,False
2023-12-22,62838.18,62995.22,61569.14,61705.09,333554752,False
2023-12-26,61606.46,61634.55,59026.81,59170.98,396481194,False
2023-12-27,59097.62,61009.88,58758.48,60863.62,394318118,False
2023-12-28,61130.13,62750.78,61092.27,62052.24,378619990,False
2023-12-29,62225.33,62644.38,61807.54,62451.04,362722668,False
2024-01-01,62696.99,64718.88,62672.97,64661.78,339925632,False
2024-01-02,65120.39,65333.7,64213.63,64349.6,424015769,False
2024-01-03,64504.22,65244.6,64219.54,64646.85,417377628,False
2024-01-04,64815.34,64936.76,64098.11,64639.16,322736254,False
2024-01-05,64738.85,65077.48,63757.96,64514.9,718032345,False
2024-01-08,64684.23,65069.43,64183.53,64237.03,314518273,False
2024-01-09,64536.58,64786.35,63878.22,64170.58,253614365,False
2024-01-10,64234.83,64550.94,63873.63,63919.85,336520914,False
2024-01-11,64057.49,64700.97,63914.94,64617.57,365090974,False
2024-01-12,64917.06,65356.85,64491.08,64637.64,402905820,False
2024-01-15,64885.15,65173.87,64130.96,64269.38,235432382,False
2024-01-16,64246.68,64246.68,63397.94,63737.46,234389148,False
2024-01-17,63692.22,64043.87,63290.18,63567.34,249257124,False
2024-01-18,63579.97,63579.97,62528.56,63202.4,235314800,False
2024-01-19,63351.07,63911.86,63214.86,63282.23,145873635,False
2024-01-22,63354.43,64090.88,63139.73,63939.41,197283355,False
2024-01-23,64121.46,64658.17,63549.61,64454.22,261112921,False
2024-01-24,64569.49,65063.08,64460.95,64822.43,278313498,False
2024-01-25,64918.32,65213.61,64180.45,64298.01,290527031,False
2024-01-26,64220.91,64534.3,63743.4,63813.06,212491251,False
2024-01-29,63792.84,63792.84,62717.71,62773.72,162231924,False
2024-01-30,62799.23,63074.51,61637.62,61841.74,233753017,False
2024-01-31,62072.82,62600.12,61896.01,61979.18,153557746,False
2024-02-01,62054.25,62480.23,61764.7,62393.74,138794235,False
2024-02-02,62536.1,63075.3,62448.72,63002.92,133234269,False
2024-02-06,63178.09,63885.1,63176.97,63799.02,167998130,False
2024-02-07,63955.05,64196.62,63927.29,64143.87,194741589,False
2024-02-09,63291.62,63305.71,61781.76,62943.75,151778801,False
2024-02-12,62444.76,62634.38,60647.68,61065.32,200894460,False
2024-02-13,60536.13,61654.65,59613.18,61226.93,253487196,False
2024-02-14,61635.62,62432.26,61635.62,62153.84,179310406,False
2024-02-15,62394.25,62394.25,60926.86,61020.06,154596924,False
2024-02-16,60787.3,61173.31,59739.47,59872.96,163233825,False
2024-02-19,59444.46,60504.48,59191.86,60459.75,126222530,False
2024-02-20,60576.38,61237.51,60420.84,60464.24,234890909,False
2024-02-21,61237.78,61620.86,60906.98,61559.16,210578314,False
2024-02-22,61741.57,61952.1,61460.45,61914.34,171779626,False
2024-02-23,61939.01,62945.37,61849.67,62815.82,196697545,False
2024-02-26,62915.4,63732.5,62915.4,63305.93,221452325,False
2024-02-27,63450.4,63622.0,63055.64,63219.1,231041416,False
2024-02-28,63173.45,63929.58,63042.15,63703.45,265803085,False
2024-02-29,63827.25,64801.64,63827.25,64578.52,223519849,False
2024-03-01,64755.31,65486.46,64530.21,65325.69,136075582,False
2024-03-04,65695.03,66007.44,65532.58,65951.73,211690827,False
2024-03-05,66126.7,66134.85,65500.07,65726.04,185731440,False
2024-03-06,65757.72,66150.95,65603.88,65656.62,191568333,False
2024-03-07,65673.8,65874.15,65187.69,65603.09,158392882,False
2024-03-08,65760.55,66067.53,65693.22,65793.76,240096517,False
2024-03-11,65948.02,66119.34,65698.76,65755.31,251628283,False
2024-03-12,65815.11,65859.64,64664.67,64801.7,126990658,False
2024-03-13,64859.77,65043.38,63856.51,64048.44,125290804,False
2024-03-14,64079.97,65205.82,64079.97,65064.27,136554522,False
2024-03-15,65309.79,65353.66,64759.61,64816.47,99404749,False
2024-03-18,64987.15,65148.36,64811.92,64890.51,91771609,False
2024-03-19,64955.94,65624.73,64940.18,65502.6,162243933,False
2024-03-20,65727.73,65968.03,65614.94,65731.79,170678391,False
2024-03-21,66021.54,66196.24,65326.01,65417.4,242671674,False
2024-03-22,65510.16,65534.02,65056.66,65151.83,83027726,False
2024-03-25,65412.92,65656.5,65301.74,65525.65,129401692,False
2024-03-26,65629.76,65989.54,65492.71,65906.28,137146538,False
2024-03-27,66003.44,66607.88,66003.44,66547.79,189118251,False
2024-03-28,66690.94,67246.03,66690.94,67142.12,231313539,False
2024-03-29,67232.2,67307.63,66822.43,67005.11,142211477,False
2024-04-01,67162.7,67304.37,66740.91,66796.32,79759436,False
2024-04-02,66793.38,66959.55,66573.63,66886.26,94865141,False
2024-04-03,66998.21,67873.22,66985.02,67756.04,140991439,False
2024-04-04,68210.16,68439.37,67912.35,68416.78,201068800,False
2024-04-08,68716.64,69720.03,68710.5,69619.99,188866316,False
2024-04-09,69857.15,70677.3,69857.15,70314.72,219290682,False
2024-04-15,70218.51,70608.88,69914.11,70544.58,255765007,False
2024-04-16,70661.42,71092.61,70405.24,70483.66,219859414,False
2024-04-17,70396.65,70725.5,70037.28,70333.32,221820349,False
2024-04-18,70506.2,70645.3,69783.32,70290.12,237694811,False
2024-04-19,70423.71,70968.98,70186.93,70909.9,214724945,False
2024-04-22,71009.67,71861.18,70882.45,71433.46,360535650,False
2024-04-23,71553.58,71846.64,71338.43,71359.41,383445458,False
2024-04-24,71472.87,72414.33,71467.02,72051.89,324513222,False
2024-04-25,72254.38,72593.25,71700.54,71971.4,424080014,False
2024-04-26,72109.79,72862.41,71764.18,72742.75,302352233,False
2024-04-29,73022.89,73300.75,71602.94,71695.03,281385875,False
2024-04-30,71780.95,72119.66,71059.63,71102.55,232912683,False
2024-05-02,71199.95,71292.83,70562.12,70657.64,225619410,False
2024-05-03,70734.47,71986.43,70671.72,71902.09,228543691,False
2024-05-06,72485.86,73060.74,72462.49,72764.24,313376780,False
2024-05-07,73062.52,73260.09,72707.96,72761.2,269925733,False
2024-05-08,73079.18,73079.18,72358.19,72601.82,254873342,False
2024-05-09,72819.48,72889.78,72325.35,72658.05,235199535,False
2024-05-10,72888.93,73449.38,72876.84,73085.5,321305768,False
2024-05-13,73315.02,74114.23,73109.76,73799.11,308961397,False
2024-05-14,74022.18,74575.31,73977.01,74531.19,257367216,False
2024-05-15,74771.18,75115.33,74440.88,74663.98,251456212,False
2024-05-16,74744.65,75029.03,74450.26,74930.7,170467012,False
2024-05-17,74981.29,75401.12,74947.71,75342.35,188724737,False
2024-05-20,75454.97,75618.49,74734.25,75084.0,141358802,False
2024-05-21,75158.68,75482.46,74958.1,75206.77,159509646,False
2024-05-22,75246.33,75513.9,74835.49,74956.67,183367088,False
2024-05-23,74982.16,75284.74,74726.07,75114.47,336883972,False
2024-05-24,75266.61,76248.76,75263.06,75983.04,310418114,False
2024-05-27,76089.66,76187.45,75485.62,75517.49,195296629,False
2024-05-29,75617.79,75667.31,74760.1,74836.3,192576105,False
2024-05-30,74986.02,75300.03,74585.35,74878.12,175803745,False
2024-05-31,75078.43,75953.74,74989.26,75878.48,243527055,False
2024-06-03,76091.42,76209.97,75495.38,75575.26,190984190,False
2024-06-04,75657.68,75669.76,74592.74,74666.66,179207660,False
2024-06-05,74672.38,74758.11,74136.52,74219.44,138895935,False
2024-06-06,74276.84,74593.33,73768.4,73862.93,112794549,False
2024-06-07,73805.95,73902.79,71781.96,73754.02,208556823,False
2024-06-10,73841.92,73915.45,72981.35,73252.56,89516431,False
2024-06-11,73779.99,73866.45,72476.05,72589.49,142282731,False
2024-06-12,72545.24,73169.0,72464.24,72797.43,106573282,False
2024-06-13,73329.8,76338.15,73329.8,76208.16,344982490,False
2024-06-14,76555.91,77310.45,76103.56,76706.77,212692186,False
2024-06-20,76896.82,78890.37,76896.82,78801.53,211693903,False
2024-06-21,79156.52,80059.87,78169.03,78810.49,207384194,False
2024-06-24,79247.15,79388.12,78167.43,78232.1,148576888,False
2024-06-25,78297.4,78541.22,77908.98,77940.58,130431326,False
2024-06-26,77968.91,78679.5,77968.91,78275.65,219556647,False
2024-06-27,78470.34,78978.6,78294.23,78528.25,137886062,False
2024-06-28,78698.47,78784.23,78312.36,78444.96,206490563,False
2024-07-01,78531.93,79536.23,78427.8,78824.33,163286438,False
2024-07-02,78978.55,79740.35,78978.55,79552.89,192802616,False
2024-07-03,79697.25,80405.24,79697.25,80233.67,280091033,False
2024-07-04,80438.84,80888.86,80134.89,80282.8,229012241,False
2024-07-05,80427.84,80627.49,80080.25,80212.79,211364563,False
2024-07-08,80332.79,80737.71,80192.31,80566.21,138374084,False
2024-07-09,80752.94,81087.43,80530.86,80672.06,309526499,False
2024-07-10,80885.06,80971.96,79841.32,79841.56,230911148,False
2024-07-11,79884.02,80114.73,79708.87,79992.35,154197519,False
2024-07-12,80094.69,80321.69,78611.68,79944.1,217955924,False
2024-07-15,80743.46,81428.43,80743.46,81155.61,219582625,False
2024-07-18,81418.12,81909.95,81418.12,81839.86,238793531,False
2024-07-19,81921.71,81939.84,79812.7,80117.89,246331407,False
2024-07-22,79920.23,80085.63,78404.76,78539.19,201001223,False
2024-07-23,78700.25,79585.34,78634.15,78987.09,137602553,False
2024-07-24,79194.74,79704.37,79071.48,79397.01,102935402,False
2024-07-25,79568.48,79776.96,78330.59,78469.33,129010674,False
2024-07-26,78440.36,78569.89,77921.48,78029.51,116859785,False
2024-07-29,78023.89,79055.99,78016.3,78827.74,135177284,False
2024-07-30,79319.2,79327.05,78518.23,78628.81,143371373,False
2024-07-31,78725.96,79151.82,77810.17,77886.99,112542528,False
2024-08-01,78101.16,78241.02,77595.93,77740.31,97018396,False
2024-08-02,77946.16,78434.17,77926.54,78225.98,203295787,False
2024-08-05,78303.67,78330.1,76943.24,77084.49,169486960,False
2024-08-06,77417.21,77746.56,77035.96,77191.34,149774582,False
2024-08-07,77344.86,77800.04,77086.82,77114.49,128803602,False
2024-08-08,77218.12,77969.27,77085.48,77874.22,192848233,False
2024-08-09,78322.33,78823.14,78051.08,78569.59,139145385,False
2024-08-12,78867.3,78886.46,77940.53,77980.29,141771364,False
2024-08-13,77966.72,78275.97,77817.33,77877.42,183958550,False
2024-08-15,77989.36,78709.14,77987.83,78105.98,169231822,False
2024-08-16,78197.15,78619.18,78041.08,78045.31,206700571,False
2024-08-19,78272.12,78382.05,77566.62,77830.34,122481310,False
2024-08-20,77857.79,77930.04,77460.4,77745.52,114232393,False
2024-08-21,77993.2,78457.37,77968.74,78260.86,190858373,False
2024-08-22,78442.25,78996.22,78442.25,78793.41,184560028,False
2024-08-23,78902.33,79173.94,78760.03,78801.43,197837814,False
2024-08-26,78907.54,79160.4,78553.87,78571.06,141271943,False
2024-08-27,78737.23,78857.62,78077.83,78084.24,190597406,False
2024-08-28,78253.05,78334.61,77990.35,77992.79,150897916,False
2024-08-29,78019.51,78513.86,78017.36,78349.66,151385422,False
2024-08-30,78552.01,78914.28,78439.62,78488.22,148547591,False
2024-09-02,78715.16,79014.69,78240.37,78283.3,121323636,False
2024-09-03,78566.04,78644.96,78250.9,78356.32,99477520,False
2024-09-04,78488.88,78890.79,78488.88,78848.01,146298521,False
2024-09-05,79027.52,79154.3,78578.02,78863.34,132198352,False
2024-09-06,79009.84,79254.25,78917.29,78897.73,141866198,True
2024-09-09,79117.78,79214.28,78545.69,78615.0,90272467,False
2024-09-10,78776.77,79335.59,78642.87,79286.74,121335086,False
2024-09-11,79428.49,79507.18,78612.17,78651.8,146516672,False
2024-09-12,78843.06,79217.62,78577.65,79017.62,132750010,False
2024-09-13,79912.34,80016.74,79262.72,79333.06,191853803,False
2024-09-16,79682.1,79993.18,79368.18,79491.14,152285179,False
2024-09-18,79884.41,80587.44,79798.75,80461.34,148581053,False
2024-09-19,80802.77,82003.58,80680.24,81459.29,184890999,False
2024-09-20,81694.98,82372.2,81387.57,82074.45,243550905,False
2024-09-23,82113.42,82463.05,81548.65,81850.5,162998707,False
2024-09-24,81873.63,82010.1,81107.39,81483.64,148622968,False
2024-09-25,81643.5,82331.86,81524.41,82247.92,155310370,False
2024-09-26,82752.07,82905.73,81552.66,81657.97,152660215,False
2024-09-27,81737.61,81842.75,81183.5,81292.13,153487760,False
2024-09-30,81271.08,81321.64,80352.22,81114.2,116757310,False
2024-10-01,81199.43,81980.37,81119.24,81804.59,191149995,False
2024-10-02,81706.43,82360.29,81529.45,81967.01,154646093,False
2024-10-03,82076.34,82958.74,81981.5,82721.77,159625475,False
2024-10-04,82804.3,83605.73,82594.8,83531.96,173692831,False
2024-10-07,83651.99,85047.81,83303.55,84910.3,281013466,False
2024-10-08,84905.56,85824.27,84897.99,85663.98,283714499,False
2024-10-09,85823.81,86451.43,85444.31,85669.28,349287138,False
2024-10-10,85743.41,86013.46,85425.74,85453.22,293943274,False
2024-10-11,85432.84,85750.19,84774.46,85483.4,295018853,False
2024-10-14,85596.91,86105.03,85156.11,85261.39,263517705,False
2024-10-15,85264.93,85893.99,84856.21,85840.34,251622002,False
2024-10-16,86060.69,86513.46,85948.05,86205.66,259491201,False
2024-10-17,86439.57,86520.29,85539.2,85585.43,219878282,False
2024-10-18,85638.58,85773.83,85120.9,85250.09,152919391,False
2024-10-21,85353.34,86172.79,85349.33,86057.52,240442007,False
2024-10-22,86294.7,86846.04,86294.7,86466.58,415551315,False
2024-10-23,86667.99,87309.23,86284.25,87194.54,424366439,False
2024-10-24,87553.63,89126.16,87382.05,88945.99,458054021,False
2024-10-25,89373.82,90593.61,89373.82,89993.97,365941166,False
2024-10-28,90633.65,91054.84,89732.73,90195.52,267244697,False
2024-10-29,90509.48,91358.15,90449.42,90864.09,256874960,False
2024-10-30,91375.53,91872.63,90003.31,90286.57,240626754,False
2024-10-31,90459.17,90700.23,89063.34,88966.77,287735778,True
2024-11-01,89292.74,91133.28,88852.68,90859.85,230034853,False
2024-11-04,91454.3,92159.08,91395.35,91938.01,311380974,False
2024-11-05,92510.48,92514.3,91536.09,92304.32,289409252,False
2024-11-06,92509.76,92966.95,91891.47,92021.44,376319319,False
2024-11-07,92259.48,92694.54,92185.69,92520.49,322627966,False
2024-11-08,92623.84,93514.56,92566.49,93291.68,362829838,False
2024-11-11,93485.41,94020.03,93318.91,93648.33,468863228,False
2024-11-12,93799.93,93871.62,92893.11,93224.56,408482876,False
2024-11-13,93362.53,93803.59,92943.08,93355.43,295673605,False
2024-11-14,93672.72,94289.97,93672.72,94191.89,255614990,False
2024-11-15,94431.19,95278.27,94431.19,94763.64,283270185,False
2024-11-18,95060.85,95307.92,94620.45,94995.67,277314752,False
2024-11-19,95241.64,96036.49,95212.63,95856.67,377888671,False
2024-11-20,96055.66,96711.33,95311.97,95546.46,565381751,False
2024-11-21,95674.5,97437.15,95300.21,97328.4,323534561,False
2024-11-22,97835.39,99623.04,97471.12,97798.23,515073212,False
2024-11-25,97851.82,99317.48,97137.64,98079.78,281098386,False
2024-11-26,98049.38,99819.59,94180.6,94574.16,517935877,False
2024-11-27,97425.06,99549.81,97188.28,99269.25,495792767,False
2024-11-28,100059.29,100540.29,99354.24,100082.77,555937638,False
2024-11-29,100393.16,101496.18,99822.62,101357.32,454634490,False
2024-12-02,101921.21,103386.47,101921.21,103274.95,695792396,False
2024-12-03,103520.0,104680.89,102825.6,104559.07,756590949,False
2024-12-04,105080.29,105473.56,104315.41,105104.34,697648587,False
2024-12-05,105661.16,108345.99,105448.06,108238.97,721594986,False
2024-12-06,108864.72,109478.09,108550.87,109053.95,658756292,False
2024-12-09,109094.07,110358.85,107625.92,109970.39,719554091,False
2024-12-10,110738.04,111759.58,107711.4,108896.65,669926243,False
2024-12-11,109455.51,111012.02,109416.32,110810.22,509284555,False
2024-12-12,111308.66,114408.62,111308.66,114180.51,636222242,False
2024-12-13,114627.54,115172.45,112609.26,114301.8,479749698,False
2024-12-16,115433.26,116681.59,115346.0,116169.41,491296218,False
2024-12-17,116308.02,117039.18,113688.55,114860.69,548572535,False
2024-12-18,114854.05,116236.71,110896.27,111070.29,507235151,False
2024-12-19,110140.75,111745.03,105937.37,106274.98,531310276,False
2024-12-20,106073.21,109846.64,105601.04,109513.15,321981379,False
2024-12-23,110990.57,114189.72,110891.36,113924.42,424809788,False
2024-12-24,114987.83,115036.5,112294.42,112414.81,352683905,False
2024-12-26,112480.6,112480.6,109858.88,110423.32,274820575,False
2024-12-27,110658.65,112043.77,110246.93,111351.18,293222101,False
2024-12-30,111916.71,115422.34,111916.71,115259.0,521358892,False
2024-12-31,116700.02,116700.02,114804.81,115126.9,580521510,False
2025-01-01,115258.12,117341.03,114719.89,117008.08,465169788,False
2025-01-02,117150.31,118367.81,116857.61,117119.66,383715356,False
2025-01-03,117484.9,117891.62,115580.02,117586.98,398069663,False
2025-01-06,118309.5,118735.1,115941.95,116255.13,369827568,False
2025-01-07,116667.55,116843.41,113677.5,116052.68,401226818,False
2025-01-08,116591.08,117750.23,113847.04,114148.46,254281505,False
2025-01-09,114313.0,114329.95,112594.67,112638.26,268882362,False
2025-01-10,112544.62,113554.07,112013.59,113247.29,216223504,False
2025-01-13,113715.5,114496.09,113083.86,114230.06,198488649,False
2025-01-14,114541.46,115044.79,113836.61,114804.17,258818915,False
2025-01-15,115360.64,115773.39,114298.29,114495.71,263604730,False
2025-01-16,114800.98,114884.63,113630.45,113836.74,176924174,False
2025-01-17,114060.38,115356.12,113571.96,115272.08,212258376,False
2025-01-20,115868.94,116276.42,115668.08,115844.82,268341356,False
2025-01-21,116320.3,116424.85,114783.72,115042.25,338091446,False
2025-01-22,114996.26,115256.16,113359.38,113443.43,358354842,False
2025-01-23,113580.21,114319.62,113234.31,114037.79,374094135,False
2025-01-24,114407.66,115779.06,114383.17,114880.49,280356255,False
2025-01-27,115075.86,115596.87,113482.23,113520.32,231195606,False
2025-01-28,113398.28,113644.72,111434.95,112030.36,211433151,False
2025-01-29,112274.42,112569.9,111157.19,111487.36,201920600,False
2025-01-30,111805.66,113400.57,111805.66,113206.4,172244205,False
2025-01-31,113745.99,115106.99,113692.87,114255.73,250677180,False
2025-02-03,114550.59,114620.79,112681.34,112745.01,165869340,False
2025-02-04,113091.72,113649.08,111828.11,111935.38,170645912,False
2025-02-06,112053.96,112234.15,109405.54,110301.16,174301204,False
2025-02-07,110575.28,110905.09,109686.53,110322.94,129185285,False
2025-02-10,110610.81,111622.72,109948.57,111377.97,193051971,False
2025-02-11,111834.21,113233.41,111834.21,113010.38,244301553,False
2025-02-12,113302.68,113436.72,112621.14,112924.94,399903877,False
2025-02-13,113023.24,113477.71,112540.12,112564.08,289287556,False
2025-02-14,113070.07,113482.13,111861.56,112085.3,238575951,False
2025-02-17,112283.82,112524.81,111513.67,111743.53,295854722,False
2025-02-18,112023.31,113252.55,111642.02,113088.48,348503860,False
2025-02-19,113465.7,114029.76,113060.26,113342.44,461111152,False
2025-02-20,113601.96,114202.14,113525.9,113739.16,507746834,False
2025-02-21,114441.59,114444.01,112813.87,112800.93,216945811,True
2025-02-24,112700.1,114573.68,111857.34,114330.1,214098048,False
2025-02-25,114900.47,115889.6,114178.56,114528.09,290832594,False
2025-02-26,114580.4,114762.93,113849.93,113862.33,333205128,False
2025-02-27,114045.13,114456.92,113729.53,113784.31,207286392,False
2025-02-28,113890.68,114265.97,113201.84,113251.67,231447579,False
2025-03-03,113498.58,113591.83,111829.15,111986.89,107997918,False
2025-03-04,112106.68,112877.02,111717.17,112743.8,101172112,False
2025-03-05,112952.94,113327.12,112146.1,112253.76,152194164,False
2025-03-06,112506.52,113871.22,112446.01,113713.18,240888386,False
2025-03-07,114169.2,114721.58,114169.2,114398.7,233228483,False
2025-03-10,114432.8,115048.42,114152.31,114356.34,165905814,False
2025-03-11,114180.1,114486.2,113610.31,114177.66,171981292,False
2025-03-12,114503.4,114661.89,114001.5,114084.54,128435379,False
2025-03-13,114429.93,115247.4,114429.93,115094.24,210932828,False
2025-03-14,115705.29,115730.98,115162.69,115536.17,205477652,False
2025-03-17,116012.73,116626.83,115883.22,116199.59,286473754,False
2025-03-18,116657.45,117202.1,116490.82,117001.09,274472128,False
2025-03-19,117198.36,118243.63,116882.8,117974.03,301111478,False
2025-03-20,118525.01,119421.81,118444.04,118769.77,401602764,False
2025-03-21,119078.91,119405.92,118334.4,118442.18,172210026,False
2025-03-24,118797.7,118797.7,116257.52,116439.62,167106163,False
2025-03-25,116375.71,116904.55,115877.88,116633.17,158061529,False
2025-03-26,117935.8,118220.88,117178.23,117772.31,231392631,False
2025-03-27,118037.7,118147.25,117551.42,117806.75,193474026,False
2025-04-03,117873.59,119179.46,117508.07,118938.11,201028266,False
2025-04-04,119155.22,120796.67,118718.26,118791.66,313410539,False
2025-04-07,117601.62,117601.62,110103.98,114909.49,389416218,False
2025-04-08,115800.77,116692.29,115560.91,115532.43,338909549,True
2025-04-09,115092.12,115092.12,112891.49,114153.16,267598498,False
2025-04-10,117094.15,117484.17,116130.9,116189.21,391052190,False
2025-04-11,115937.38,115937.38,114639.92,114853.33,250709159,False
2025-04-14,115448.73,116494.2,115246.21,116390.04,273769374,False
2025-04-15,116739.03,117362.23,116645.69,116775.5,215168112,False
2025-04-16,117187.51,117424.04,115776.12,116020.11,248065960,False
2025-04-17,116073.7,117216.03,115818.07,116901.13,221692195,False
2025-04-18,117360.6,117888.13,116759.07,117315.59,212790465,False
2025-04-21,117712.7,118827.47,117712.7,118383.38,367336343,False
2025-04-22,118546.17,119217.19,118161.68,118430.35,353612522,False
2025-04-23,118422.67,118811.24,117120.39,117226.15,242524907,False
2025-04-24,115269.3,116568.14,114661.2,115019.82,197691308,False
2025-04-25,115099.65,115844.89,113716.6,115469.35,213616413,False
2025-04-28,116305.7,116658.95,113867.81,114063.9,190220474,False
2025-04-29,113869.98,115040.59,112935.57,114872.18,185491217,False
2025-04-30,114066.13,114066.13,110631.84,111326.58,254486803,False
2025-05-02,112820.08,114546.88,112820.08,114113.94,192302344,False
2025-05-05,114385.61,114552.21,113077.67,114102.24,153678242,False
2025-05-06,114392.83,115093.11,113418.52,113568.51,165326851,False
2025-05-07,107007.68,112457.38,107007.68,110009.03,261520967,False
2025-05-08,110842.45,111881.03,101598.91,103526.82,308031081,False
2025-05-09,103949.69,107541.45,102420.82,107174.64,238400592,False
2025-05-12,117104.12,117327.78,115794.37,117297.73,345348683,False
2025-05-13,120067.12,120067.12,116859.93,118575.89,366254300,False
2025-05-14,118950.61,119460.54,118148.65,118536.53,273518579,False
2025-05-15,118871.13,119990.3,118871.13,119961.91,310688621,False
2025-05-16,120292.95,120506.18,119541.15,119649.14,235070955,False
2025-05-19,120164.33,120285.55,119250.68,119689.63,119529211,False
2025-05-20,119891.17,119900.38,118527.09,118971.13,108105159,False
2025-05-21,119239.34,120106.21,119128.39,119931.46,280861353,False
2025-05-22,120234.81,120699.18,119062.03,119153.04,223284427,False
2025-05-23,119214.78,119542.52,118665.26,119102.67,99798806,False
2025-05-26,119211.88,119290.94,118150.28,118221.12,350580876,False
2025-05-27,118533.7,118807.92,118143.68,118332.91,414609442,False
2025-05-29,118512.41,119639.47,118481.98,118971.41,315844339,False
2025-05-30,119138.77,119913.88,118771.84,119691.09,211933819,False
2025-06-02,120211.57,120590.77,118672.84,118877.81,164316082,False
2025-06-03,119129.52,120693.83,119129.52,120450.87,315235806,False
2025-06-04,120954.38,121882.48,120896.13,121798.87,292413286,False
2025-06-05,122106.82,122281.58,121517.9,121641.0,407564641,False
2025-06-10,122152.23,122611.53,121589.9,122024.44,235295388,False
2025-06-11,123290.25,124588.17,123237.99,124352.68,332588686,False
2025-06-12,124807.1,126718.28,123846.56,124093.12,371979603,False
2025-06-13,122679.01,123058.06,121604.6,122143.57,238192304,False
2025-06-16,122168.26,122903.34,121889.96,122225.36,181443219,False
2025-06-17,122367.28,122891.61,121815.39,121971.04,203245346,False
2025-06-18,121857.97,121905.5,120418.0,120465.93,122208772,False
2025-06-19,121103.35,121745.3,119770.03,120002.59,134097500,False
2025-06-20,120234.96,120828.86,119872.16,120023.24,136795591,False
2025-06-23,118272.0,118798.52,115887.49,116167.47,196190358,False
2025-06-24,120499.53,122725.21,120369.54,122246.64,318302088,False
2025-06-25,122753.01,123256.55,122168.76,122761.64,221146514,False
2025-06-26,123031.82,123417.87,122142.43,122046.46,244240559,True
2025-06-27,122229.42,125285.05,122222.7,124379.07,220312628,False
2025-06-30,124884.07,125748.59,124500.21,125627.31,258993624,False
2025-07-01,126114.17,128475.7,126113.28,128199.43,336907385,False
2025-07-02,128616.12,130545.95,128616.12,130344.03,345794612,False
2025-07-03,130831.28,131325.11,129776.2,130686.66,280008751,False
2025-07-04,130896.03,132129.6,130716.11,131949.07,198953974,False
2025-07-07,132485.75,133862.01,132467.13,133370.15,344248572,False
2025-07-08,133746.63,134200.27,132696.36,133403.19,324460593,False
2025-07-09,133524.94,133566.38,132326.18,132576.99,161034774,False
2025-07-10,132773.87,133902.34,132706.03,133782.35,325787943,False
2025-07-11,134130.91,134931.96,134130.41,134299.77,290063736,False
2025-07-14,134937.43,136841.5,134937.43,136502.54,259908009,False
2025-07-15,136840.16,137747.61,135826.4,135939.87,307744740,False
2025-07-16,136169.64,137232.11,135542.89,136379.97,273102874,False
2025-07-17,136674.98,138943.47,136674.98,138665.5,299278059,False
2025-07-18,139600.23,140585.39,138343.73,138597.36,256324833,False
2025-07-21,139142.17,139201.16,138149.57,138217.58,221762645,False
2025-07-22,138197.81,139901.78,138197.81,139419.62,245773858,False
2025-07-23,139966.08,140202.18,139105.05,139254.36,193415774,False
2025-07-24,139501.61,139867.83,138614.1,138692.67,272658121,False
2025-07-25,138876.07,139436.77,138808.64,139207.29,190962843,False
2025-07-28,139759.6,140149.23,139195.85,139380.06,213994569,False
2025-07-29,139733.06,140331.02,137636.37,137964.82,212749381,False
2025-07-30,138141.59,139018.88,137658.81,138412.25,167694720,False
2025-07-31,139379.14,140215.22,139083.74,139390.42,291205593,False
2025-08-01,139634.9,141160.93,138957.71,141034.99,304552587,False
2025-08-04,141962.94,142323.34,141440.48,142052.65,349227740,False
2025-08-05,142235.71,143281.35,142235.71,143037.17,262315814,False
2025-08-06,143409.6,145187.17,143409.6,145088.5,383514758,False
2025-08-07,145793.07,146081.03,145250.18,145647.14,326588620,False
2025-08-08,145999.4,146813.44,144917.19,145382.8,276740075,False
2025-08-11,145650.33,147005.18,145258.5,146929.84,299280724,False
2025-08-12,147467.44,147976.98,146894.63,147005.32,331786187,False
2025-08-13,147334.29,147892.25,146417.8,146529.31,298882392,False
2025-08-15,146713.84,147534.41,146269.59,146491.63,187001270,False
2025-08-18,146679.73,148395.72,146403.65,148196.42,229068568,False
2025-08-19,148464.54,150323.39,148293.94,149770.75,340193363,False
2025-08-20,150106.16,151261.67,149931.68,150591.0,275222539,False
2025-08-21,150948.93,151249.63,148272.58,149235.26,426272064,False
2025-08-22,149659.84,150465.17,149448.93,149493.06,335531698,False
2025-08-25,149828.16,150079.76,148757.14,148815.31,210516386,False
2025-08-26,149096.34,149453.19,148312.58,148435.06,161925715,False
2025-08-27,148841.67,149237.92,147337.02,147494.03,186411160,False
2025-08-28,147554.39,148042.0,147209.56,147343.51,306526022,False
2025-08-29,147591.81,149234.95,147488.47,148617.78,624598293,False
2025-09-01,149079.23,150066.0,148500.21,149971.12,511821531,False
2025-09-02,150318.62,151075.67,150081.41,150975.48,441999922,False
2025-09-03,151320.5,152805.3,151320.5,152201.88,337866019,False
2025-09-04,152599.44,153411.06,152264.97,152665.72,407266609,False
2025-09-05,153149.44,154511.32,153129.78,154277.19,471374828,False
2025-09-08,155057.34,156199.29,154944.87,156087.31,492409990,False
2025-09-09,156640.1,157088.81,155044.26,156563.53,480306328,False
2025-09-10,156571.74,157479.42,156079.53,157020.8,437129643,False
2025-09-11,157284.66,157816.77,156103.81,156141.25,402820222,False
2025-09-12,156201.7,156519.14,154360.35,154439.68,241099022,False
2025-09-15,154612.18,155602.29,154486.21,155384.51,274674705,False
2025-09-16,155960.66,156467.92,155781.84,156180.94,423573452,False
2025-09-17,156887.48,157196.59,155960.36,156177.82,367851537,False
2025-09-18,157020.08,158082.55,156978.85,157953.47,555465296,False
2025-09-19,158555.49,159337.46,157522.0,158037.37,890894731,False
2025-09-22,158528.15,158850.34,157245.73,157554.66,833292624,False
2025-09-23,158187.32,158831.22,157416.54,157945.03,771285990,False
2025-09-24,158529.73,159046.6,158133.31,158236.68,1027318517,False
2025-09-25,158849.28,159537.6,158297.43,159280.09,880272872,False
2025-09-26,159901.56,162422.29,159901.56,162257.01,562769288,False
2025-09-29,162920.48,163903.62,162058.64,163847.69,483728704,False
2025-09-30,164354.54,166556.3,164208.34,165493.59,629990314,False
2025-10-01,166176.65,166522.61,164155.32,165640.34,1003818362,False
2025-10-02,166079.48,168619.32,165567.22,168489.63,776263551,False
2025-10-03,169041.4,169988.62,168613.41,168990.07,831083556,False
2025-10-06,169178.99,169326.35,165997.37,167752.41,623765222,False
2025-10-07,168299.2,168518.97,165997.21,166173.75,629739254,False
2025-10-08,166360.54,166947.2,165109.85,165266.75,554831161,False
2025-10-09,165526.94,166729.97,164306.77,164530.81,698865320,False
2025-10-10,163984.81,165262.86,162411.26,163098.19,607604107,False
2025-10-13,161403.91,161988.13,157678.02,158443.42,686327092,False
2025-10-14,160821.73,165866.78,160821.73,165476.02,586848420,False
2025-10-15,166756.76,167561.69,165357.21,165686.38,893799055,False
2025-10-16,166280.37,166864.9,164261.65,164444.72,1390467898,False
2025-10-17,164983.44,165030.82,163118.01,163806.22,500443987,False
2025-10-20,164912.41,166421.34,164281.95,166242.9,704434523,False
2025-10-21,167004.66,168414.14,166923.59,167346.83,1004310934,False
2025-10-22,167781.03,168163.22,166230.9,166553.28,727756485,False
2025-10-23,166457.67,166720.42,164395.39,164590.41,485008773,False
2025-10-24,164414.43,165025.86,163041.98,163304.13,424608463,False
2025-10-27,163308.91,163570.83,161766.62,162163.81,363990070,False
2025-10-28,162444.28,163380.67,159805.35,160101.03,374972398,False
2025-10-29,160607.77,160690.12,158306.84,158465.06,390151702,False
2025-10-30,158996.01,159507.42,156327.61,156732.87,378016684,False
2025-10-31,158195.55,162194.31,158195.55,161631.73,408940539,False
2025-11-03,162827.13,163935.03,161892.59,162803.16,352997728,False
2025-11-04,163286.71,163384.96,161159.27,161281.77,321599074,False
2025-11-05,161368.19,162052.46,159216.86,159578.19,333049067,False
2025-11-06,160240.88,160590.77,158252.63,159096.79,285995366,False
2025-11-07,159393.02,160435.95,159005.14,159592.9,216913906,False
2025-11-10,160619.83,161881.45,160406.43,161538.41,225005315,False
2025-11-11,161516.75,161516.75,157765.92,157870.5,291155869,False
2025-11-12,158068.17,159516.41,157203.55,158183.95,217766795,False
2025-11-13,158971.49,160944.51,158971.49,160657.5,254922506,False
2025-11-14,161308.72,162118.76,160791.78,161935.19,239780587,False
2025-11-17,163077.95,163602.16,161481.69,161687.18,521405757,False
2025-11-18,162089.33,162344.66,160583.9,160935.13,302864537,False
2025-11-19,161279.02,162741.73,161279.02,162226.28,361885278,False
2025-11-20,162871.26,163817.83,162646.98,162936.94,208140955,False
2025-11-21,163016.6,163357.51,161853.59,162102.92,254631887,False
2025-11-24,162206.17,162385.33,161241.47,161984.09,154383759,False
2025-11-25,162394.41,162819.85,161276.81,161692.49,161995287,False
2025-11-26,161984.45,163397.24,160564.86,163188.53,234697302,False
2025-11-27,163509.29,165611.11,163509.29,165373.31,175284603,False
2025-11-28,165753.36,167005.05,165753.36,166677.7,295624736,False
2025-12-01,167229.27,168246.23,166024.8,168062.19,306602061,False
2025-12-02,168499.01,169289.22,167445.93,167642.28,291894753,False
2025-12-03,168107.54,168160.88,166115.17,166145.35,258779542,False
2025-12-04,166501.19,166837.1,165886.26,166283.55,167563948,False
2025-12-05,167772.2,167923.45,166369.73,167085.58,225677720,False
2025-12-08,167386.44,168755.19,167386.44,168303.25,328070199,False
2025-12-09,169382.09,169601.04,168880.22,169456.39,433909949,False
2025-12-10,169806.32,170697.75,169239.24,169451.86,497181231,False
2025-12-11,170089.28,170301.48,168548.46,168574.69,656548918,False
2025-12-12,168937.33,170052.88,168421.55,169864.53,309699601,False
2025-12-15,170549.68,171001.71,170292.95,170741.35,410450694,False
2025-12-16,171403.38,171922.6,170191.98,170447.3,475388506,False
2025-12-17,170737.14,171392.63,169230.5,170313.86,435467473,False
2025-12-18,170804.65,172248.94,170804.65,171960.65,392432264,False
2025-12-19,172289.29,172674.65,171149.07,171404.49,326403344,False
2025-12-22,171624.56,172167.63,170858.66,171204.18,326754401,False
2025-12-23,171596.97,171867.32,170968.31,171073.73,239246682,False
2025-12-24,171469.52,171587.32,170641.13,170830.22,319890585,False
2025-12-26,171220.16,172582.96,171146.14,172400.73,346402696,False
2025-12-29,173200.42,174411.73,173200.42,173896.34,360616230,False
2025-12-30,174270.84,174805.16,174121.42,174472.8,415894213,False
2025-12-31,174791.31,175232.9,173564.33,174054.32,414469106,False
2026-01-01,174437.7,176658.39,174437.7,176355.49,799088704,False
2026-01-02,177030.01,179467.84,176709.52,179034.93,513438012,False
2026-01-05,179535.47,183964.37,179535.47,182408.24,633095220,False
2026-01-06,183121.45,185481.45,181182.07,185062.11,596928682,False
2026-01-07,185845.57,187015.12,184896.71,186518.72,569855544,False
2026-01-08,186998.48,187905.17,185199.37,185543.01,576348652,False
2026-01-09,185700.13,186180.32,183700.84,184409.67,393479243,False
2026-01-12,184045.17,184439.07,182303.56,182384.15,418828756,False
2026-01-13,182702.06,184304.87,180589.95,183951.51,437362419,False
2026-01-14,184400.82,184726.6,182369.87,182569.82,444259786,False
2026-01-15,183073.46,183717.54,180783.63,181456.34,281307943,False
2026-01-16,182559.69,185208.98,182559.69,185098.83,381916860,False
2026-01-19,186151.24,187882.05,186127.35,187761.69,450869057,False
2026-01-20,188579.17,188958.38,187192.02,188621.78,454297071,False
2026-01-21,189095.63,189523.43,186626.85,187033.27,703361010,False
2026-01-22,187391.54,188106.82,186825.62,187688.16,462471948,False
2026-01-23,187926.5,189566.64,186637.57,189166.83,407933410,False
2026-01-26,189788.68,191032.73,188268.39,188587.66,449786513,False
2026-01-27,188775.66,189521.32,187538.23,188202.86,341592014,False
2026-01-28,188901.75,189183.88,188179.51,188380.39,423533550,False
2026-01-29,188686.06,188923.4,181961.15,182338.12,413816827,False
2026-01-30,183166.67,186619.52,182347.48,184174.49,344196335,False
2026-02-02,184441.93,185611.73,182792.4,185057.83,215797274,False
2026-02-03,185555.89,187518.79,185545.93,186900.74,390194995,False
2026-02-04,187193.29,188312.21,187018.69,187832.08,767506930,False
2026-02-06,188023.6,188036.31,183547.29,184129.58,798685846,False
2026-02-09,185027.17,185650.6,180992.8,182340.38,597716809,False
2026-02-10,183101.94,183216.67,181499.29,182153.55,636095920,False
2026-02-11,182739.72,183801.71,182054.65,183049.81,350081145,False
2026-02-12,182700.32,182757.09,178725.25,180512.65,448219476,False
2026-02-13,180577.78,180832.66,178237.14,179603.73,379804937,False
2026-02-16,179926.88,179969.23,173574.26,174453.94,378714148,False
2026-02-17,174783.15,176131.35,171693.4,173150.42,424959530,False
2026-02-18,174328.61,178974.17,174328.61,178853.1,424992070,False
2026-02-19,179279.74,179279.74,171647.34,172170.29,229011699,False
2026-02-20,172716.15,174148.33,169592.53,173169.71,245484220,False
2026-02-23,172962.96,174336.86,166886.63,167691.08,204726272,False
2026-02-24,167685.83,169237.51,163907.59,166258.55,345386346,False
2026-02-25,167607.55,168191.65,164229.36,164626.29,351261866,False
2026-02-26,164815.44,169374.27,162953.64,168893.09,355320144,False
2026-02-27,167718.12,169379.97,165811.88,168062.17,222442620,False
2026-03-02,152717.47,159328.6,151747.96,151973.0,479703809,False
2026-03-03,151258.86,158217.01,151258.86,157132.1,429915176,False
2026-03-04,157322.45,157962.48,154790.74,155777.21,362160777,False
2026-03-05,156310.7,161476.85,156250.29,161210.68,402543323,False
2026-03-06,161435.83,161435.83,157072.65,157496.1,196187049,False
2026-03-09,150174.1,150174.1,144119.44,146480.15,378012095,False
2026-03-10,156209.07,158354.13,155294.66,156177.12,289651984,False
2026-03-11,157206.97,158624.52,155652.36,155858.48,232657911,False
2026-03-12,154679.71,157080.29,153503.7,154421.43,202928283,False
2026-03-13,154202.92,155002.11,152780.79,153866.17,113043219,False
2026-03-16,153581.45,153943.7,148747.72,149178.66,153180436,False
2026-03-17,150067.9,151503.47,148509.05,150016.16,145538021,False
2026-03-18,150562.73,154684.45,150284.26,154292.26,213816771,False
2026-03-19,152698.52,153322.97,150728.18,152740.38,147442315,False
2026-03-24,157190.07,157442.68,153382.01,153966.36,220480676,False
2026-03-25,155359.94,158586.09,155199.71,158313.45,348263249,False
2026-03-26,157571.13,157591.24,152668.08,152907.97,313130385,False
2026-03-27,153041.83,153660.89,151457.95,151707.52,244728301,False
2026-03-30,151813.61,151813.61,144656.97,146842.97,308123437,False
2026-03-31,147743.68,150225.63,147743.68,148743.32,232744006,False
2026-04-01,151262.77,157347.18,151262.77,155511.57,420206439,False
2026-04-02,152040.53,152272.64,150022.44,152011.26,202908559,False
2026-04-03,149093.61,152103.63,148796.55,150398.71,270147738,False
2026-04-06,150272.88,151875.02,147771.36,151207.82,270553173,False
2026-04-07,150613.25,152013.05,149129.41,151673.46,205231411,False
2026-04-08,164594.39,165924.14,162956.77,165811.01,486655702,False
2026-04-09,166382.34,166962.17,161993.0,165517.51,456727475,False
2026-04-10,166221.33,168290.29,166221.33,167191.38,452222660,False
2026-04-13,161837.71,163612.12,160158.92,160591.33,324636940,False
2026-04-14,163416.54,165763.81,163416.54,165634.85,358200598,False
2026-04-15,169403.08,170640.26,168182.98,168519.94,600689617,False
2026-04-16,170006.75,170899.16,168941.31,169911.95,405306160,False
2026-04-17,171064.39,174404.03,170758.26,173939.01,704336535,False
2026-04-20,172249.26,174523.76,169226.56,172196.7,597872201,False
2026-04-21,173405.57,175298.12,172837.8,173155.79,524204667,False
2026-04-22,173343.4,173452.66,171254.82,171579.31,358034849,False
2026-04-23,171561.74,171561.74,168416.02,169173.38,310837839,False
2026-04-24,168045.69,171641.33,166380.72,170672.04,445222167,False
2026-04-27,170553.99,171306.62,169268.33,169497.36,357298248,False
2026-04-28,168221.05,169313.91,168170.74,168412.23,592488057,False
2026-04-29,168863.86,169686.03,165391.47,165823.88,448986113,False
2026-04-30,164357.47,164357.47,160391.19,162994.17,366136479,False
2026-05-04,164713.27,167245.54,163417.84,163948.94,355714918,False
2026-05-05,162616.21,164920.35,162532.99,164742.47,209981622,False
2026-05-06,167389.07,172088.58,167354.44,171704.76,562656161,False
2026-05-07,172548.87,173274.54,171541.04,172894.28,429217764,False
2026-05-08,171465.06,172287.46,170393.12,171115.82,431757518,False
2026-05-11,170279.54,171304.11,169583.45,170506.31,634151086,False
2026-05-12,170758.15,171571.56,168823.32,168916.22,424799382,False
2026-05-13,169038.94,169687.29,167329.34,167451.14,208513091,False
2026-05-14,167979.49,168528.87,166398.9,166498.84,185041217,False
2026-05-15,166890.04,166924.48,165291.53,165596.07,264747212,False
2026-05-18,164799.35,164939.09,161613.51,161805.02,195966528,False
2026-05-19,163033.72,164309.65,162563.58,162896.68,169982745,False
2026-05-20,163514.39,165081.7,162895.74,164831.42,172525351,False
2026-05-21,166638.56,168869.18,166638.56,168514.45,270584554,False
2026-05-22,169539.16,169624.78,167480.67,167844.25,170376043,False
2026-05-25,170747.29,171920.81,170161.66,171725.29,261563051,False
2026-05-29,172118.01,174106.35,171545.47,173962.82,313689274,False
2026-06-01,174157.61,174171.64,170396.85,170600.2,246941043,False
2026-06-02,170615.48,171856.36,170248.47,171021.77,189719922,False
2026-06-03,170462.91,171624.45,169790.34,170190.64,163719064,False
2026-06-04,170598.48,171455.77,170563.41,171175.51,216198030,False
2026-06-05,171651.48,172102.91,170254.65,170478.94,174945092,False
2026-06-08,169254.14,169360.55,168432.46,168953.71,137851443,False
2026-06-09,170442.15,171022.94,170250.27,170330.56,209361475,False
2026-06-10,169734.3,170729.57,169346.38,169427.44,163009043,False
2026-06-11,168877.78,170138.19,168682.25,169703.6,186640788,False
2026-06-12,171562.23,173093.46,170946.54,172399.9,320001208,False
2026-06-15,176814.49,177176.73,175085.79,177039.83,457429697,False
2026-06-16,178182.08,180503.55,177741.47,180392.98,610915807,False
2026-06-17,181282.13,181357.7,179564.17,180511.02,526919075,False
2026-06-18,181087.38,181869.34,181045.34,181398.22,445724711,False
2026-06-19,181585.16,182185.87,177836.16,178922.76,458025154,False
2026-06-22,180146.06,180507.82,178337.14,178471.87,230108378,False
2026-06-23,179307.69,179405.56,177674.37,177692.92,292031741,False
2026-06-24,178115.36,179919.27,177931.32,179571.27,436674676,False
2026-06-29,179457.85,180272.02,178331.0,178414.8,330973304,False
2026-06-30,179020.11,180150.41,179020.11,180301.7,296015980,True
2026-07-01,180733.46,184233.58,180565.84,184050.1,472430783,False
2026-07-02,184840.57,185890.53,184214.8,184520.96,423475081,False
2026-07-03,184830.9,185668.66,184462.65,185372.21,314708582,False
2026-07-06,185910.39,187546.36,185910.39,187454.69,392598675,False
2026-07-07,188012.67,188126.68,186189.21,186255.55,395223825,False
2026-07-08,184405.87,185215.56,179504.35,181629.37,571941942,False
